Reporter Countries,Year,Value
Afghanistan,2009,16105
Afghanistan,2010,12668
Afghanistan,2011,20705
Afghanistan,2014,15405
Afghanistan,2015,11665
Afghanistan,2016,7720
Afghanistan,2017,38394
Afghanistan,2018,81325
Albania,1996,5640
Albania,1997,16798
Albania,1999,1583
Albania,2000,2643
Albania,2001,924
Albania,2002,10
Albania,2003,2
Albania,2004,9
Albania,2005,174
Albania,2006,50
Albania,2007,36
Albania,2008,56
Albania,2009,81
Albania,2010,61
Albania,2011,64
Albania,2012,162
Albania,2013,209
Albania,2014,8
Albania,2015,133
Albania,2016,125
Albania,2017,172
Algeria,1986,16985
Algeria,1987,8602
Algeria,1988,3364
Algeria,1989,6991
Algeria,1990,4628
Algeria,1991,5765
Algeria,1992,1276
Algeria,1993,216
Algeria,1994,338
Algeria,1995,225
Algeria,1996,974
Algeria,1997,878
Algeria,1998,2496
Algeria,1999,3818
Algeria,2000,3183
Algeria,2001,2509
Algeria,2002,2635
Algeria,2003,3615
Algeria,2004,2028
Algeria,2005,471
Algeria,2006,930
Algeria,2007,184
Algeria,2008,336
Algeria,2009,1004
Algeria,2011,479
Algeria,2012,274
Algeria,2013,340
Algeria,2014,201
Algeria,2015,284
Algeria,2016,317
Algeria,2017,137
Algeria,2018,284
Antigua and Barbuda,2005,141
Antigua and Barbuda,2011,34
Antigua and Barbuda,2012,146
Antigua and Barbuda,2013,28
Antigua and Barbuda,2014,38
Antigua and Barbuda,2015,123
Antigua and Barbuda,2016,24
Antigua and Barbuda,2017,29
Antigua and Barbuda,2018,61
Argentina,1986,777
Argentina,1987,494
Argentina,1988,333
Argentina,1990,120
Argentina,1991,781
Argentina,1992,3058
Argentina,1993,2239
Argentina,1994,2234
Argentina,1995,2474
Argentina,1996,1824
Argentina,1997,3162
Argentina,1998,3589
Argentina,1999,2233
Argentina,2000,3304
Argentina,2001,3864
Argentina,2002,162
Argentina,2003,207
Argentina,2004,206
Argentina,2005,23
Argentina,2006,15
Argentina,2007,7
Argentina,2008,66
Argentina,2009,109
Argentina,2010,290
Argentina,2011,361
Argentina,2012,518
Argentina,2013,308
Argentina,2014,254
Argentina,2016,17
Argentina,2018,19
Armenia,1999,5
Armenia,2000,1097
Armenia,2001,356
Armenia,2002,64
Armenia,2003,23
Armenia,2004,73
Armenia,2005,57
Armenia,2006,462
Armenia,2007,134
Armenia,2008,116
Armenia,2009,34
Armenia,2010,284
Armenia,2011,2007
Armenia,2012,98
Armenia,2013,1250
Armenia,2014,880
Armenia,2015,41
Armenia,2017,560
Armenia,2018,63
Aruba,2009,1068
Aruba,2010,1029
Aruba,2011,1035
Aruba,2014,1341
Aruba,2015,1322
Aruba,2016,1416
Aruba,2017,1517
Aruba,2018,1540
Australia,1986,21
Australia,1987,15
Australia,1988,20
Australia,1989,26
Australia,1990,44
Australia,1991,56
Australia,1992,64
Australia,1993,73
Australia,1996,446
Australia,1997,0
Australia,1998,0
Australia,1999,673
Australia,2000,355
Australia,2001,274
Australia,2002,710
Australia,2003,772
Australia,2004,640
Australia,2005,1205
Australia,2006,1094
Australia,2007,1153
Australia,2008,1489
Australia,2009,1752
Australia,2010,1959
Australia,2011,1654
Australia,2012,1320
Australia,2013,1391
Australia,2014,1752
Australia,2015,1545
Australia,2016,2060
Australia,2017,1842
Australia,2018,2021
Austria,1986,4556
Austria,1987,4774
Austria,1988,3810
Austria,1989,3542
Austria,1990,4632
Austria,1991,5733
Austria,1992,6004
Austria,1993,6822
Austria,1994,6120
Austria,1995,7465
Austria,1996,15016
Austria,1997,14868
Austria,1998,13802
Austria,1999,15786
Austria,2000,17137
Austria,2001,20235
Austria,2002,20612
Austria,2003,26884
Austria,2004,24523
Austria,2005,25973
Austria,2006,27389
Austria,2007,27635
Austria,2008,27181
Austria,2009,29889
Austria,2010,30093
Austria,2011,26332
Austria,2012,21474
Austria,2013,24992
Austria,2014,26595
Austria,2015,27881
Austria,2016,26469
Austria,2017,31488
Austria,2018,37938
Azerbaijan,1999,7999
Azerbaijan,2001,3711
Azerbaijan,2002,2054
Azerbaijan,2003,436
Azerbaijan,2004,690
Azerbaijan,2005,1147
Azerbaijan,2006,1383
Azerbaijan,2007,1287
Azerbaijan,2008,1063
Azerbaijan,2009,1304
Azerbaijan,2010,1509
Azerbaijan,2011,18405
Azerbaijan,2012,3287
Azerbaijan,2013,5610
Azerbaijan,2014,3616
Azerbaijan,2015,3068
Azerbaijan,2016,100
Azerbaijan,2017,3814
Azerbaijan,2018,3405
Bahamas,1986,76
Bahamas,2000,705
Bahamas,2001,743
Bahamas,2005,568
Bahamas,2006,786
Bahamas,2007,841
Bahamas,2008,994
Bahamas,2009,1330
Bahamas,2012,1851
Bahamas,2013,1396
Bahamas,2014,1156
Bahamas,2015,1040
Bahamas,2016,2083
Bahamas,2017,2176
Bahamas,2018,2077
Bahrain,2000,1381
Bahrain,2001,5208
Bahrain,2002,4285
Bahrain,2003,4290
Bahrain,2004,5707
Bahrain,2005,6368
Bahrain,2006,4005
Bahrain,2007,4485
Bahrain,2009,6600
Bahrain,2010,4849
Bahrain,2011,6242
Bahrain,2012,7709
Bahrain,2013,8172
Bahrain,2014,9238
Bahrain,2015,11212
Bahrain,2016,10498
Bahrain,2017,13170
Bahrain,2018,13875
Bangladesh,1998,973
Bangladesh,2005,2
Bangladesh,2006,1
Bangladesh,2007,0
Bangladesh,2014,0
Bangladesh,2015,2
Bangladesh,2016,2
Bangladesh,2017,7
Bangladesh,2018,20
Barbados,1986,588
Barbados,1987,708
Barbados,1988,728
Barbados,1989,696
Barbados,1990,644
Barbados,1991,715
Barbados,1992,581
Barbados,1993,596
Barbados,1994,650
Barbados,1995,726
Barbados,1996,754
Barbados,1997,810
Barbados,1998,522
Barbados,1999,763
Barbados,2001,803
Barbados,2002,744
Barbados,2003,830
Barbados,2004,1104
Barbados,2005,890
Barbados,2006,802
Barbados,2007,899
Barbados,2008,804
Barbados,2009,934
Barbados,2010,883
Barbados,2011,901
Barbados,2012,923
Barbados,2013,986
Barbados,2014,1006
Barbados,2015,1306
Barbados,2016,1029
Barbados,2017,1152
Barbados,2018,1211
Belarus,1998,570
Belarus,1999,510
Belarus,2001,467
Belarus,2002,346
Belarus,2003,690
Belarus,2004,350
Belarus,2005,105
Belarus,2006,128
Belarus,2007,60
Belarus,2008,343
Belarus,2009,817
Belarus,2010,854
Belarus,2011,1055
Belarus,2012,1456
Belarus,2013,1112
Belarus,2014,951
Belarus,2015,905
Belarus,2016,1310
Belarus,2017,2479
Belarus,2018,2597
Belgium,2000,45482
Belgium,2001,49130
Belgium,2002,47963
Belgium,2003,53894
Belgium,2004,65404
Belgium,2005,60465
Belgium,2006,59835
Belgium,2007,62806
Belgium,2008,69261
Belgium,2009,65642
Belgium,2010,84164
Belgium,2011,78878
Belgium,2012,74372
Belgium,2013,83041
Belgium,2014,40881
Belgium,2015,52048
Belgium,2016,45631
Belgium,2017,67911
Belgium,2018,71035
Belgium-Luxembourg,1986,42483
Belgium-Luxembourg,1987,49346
Belgium-Luxembourg,1988,54695
Belgium-Luxembourg,1989,54955
Belgium-Luxembourg,1990,59795
Belgium-Luxembourg,1991,57186
Belgium-Luxembourg,1992,61667
Belgium-Luxembourg,1993,43891
Belgium-Luxembourg,1994,55270
Belgium-Luxembourg,1995,41787
Belgium-Luxembourg,1996,42602
Belgium-Luxembourg,1997,58782
Belgium-Luxembourg,1998,50839
Belgium-Luxembourg,1999,48771
Belize,1986,115
Belize,1992,110
Belize,1993,22
Belize,1994,81
Belize,1995,89
Belize,1996,171
Belize,1997,151
Belize,2000,131
Belize,2003,367
Belize,2005,97
Belize,2006,86
Belize,2007,69
Belize,2008,88
Belize,2010,102
Belize,2011,116
Belize,2012,99
Belize,2013,186
Belize,2014,134
Belize,2015,304
Belize,2016,784
Belize,2017,138
Belize,2018,119
Benin,1992,4
Benin,1994,3
Benin,1997,0
Benin,1998,0
Benin,1999,57
Benin,2001,14
Benin,2002,301
Benin,2003,64
Benin,2004,116
Benin,2005,575
Benin,2007,0
Benin,2008,3
Benin,2009,42
Benin,2010,42
Benin,2012,39
Benin,2013,22
Benin,2014,203
Benin,2015,2
Benin,2017,4
Benin,2018,5
Bermuda,2007,45
Bermuda,2013,865
Bermuda,2014,847
Bermuda,2015,895
Bermuda,2016,998
Bermuda,2017,1065
Bermuda,2018,1021
Bhutan,2010,286
Bhutan,2014,2
Bhutan,2015,0
Bhutan,2017,1
Bhutan,2018,0
Bolivia (Plurinational State of),1988,273
Bolivia (Plurinational State of),1989,25
Bolivia (Plurinational State of),1990,24
Bolivia (Plurinational State of),1991,58
Bolivia (Plurinational State of),1993,96
Bolivia (Plurinational State of),1994,271
Bolivia (Plurinational State of),1995,359
Bolivia (Plurinational State of),1996,6
Bolivia (Plurinational State of),1997,88
Bolivia (Plurinational State of),1998,30
Bolivia (Plurinational State of),1999,16
Bolivia (Plurinational State of),2000,37
Bolivia (Plurinational State of),2001,48
Bolivia (Plurinational State of),2002,20
Bolivia (Plurinational State of),2003,15
Bolivia (Plurinational State of),2004,21
Bolivia (Plurinational State of),2005,21
Bolivia (Plurinational State of),2006,33
Bolivia (Plurinational State of),2007,37
Bolivia (Plurinational State of),2008,44
Bolivia (Plurinational State of),2009,43
Bolivia (Plurinational State of),2010,52
Bolivia (Plurinational State of),2011,339
Bolivia (Plurinational State of),2012,304
Bolivia (Plurinational State of),2013,395
Bolivia (Plurinational State of),2014,409
Bolivia (Plurinational State of),2015,313
Bolivia (Plurinational State of),2016,395
Bolivia (Plurinational State of),2017,338
Bolivia (Plurinational State of),2018,100
Bosnia and Herzegovina,2003,258
Bosnia and Herzegovina,2004,893
Bosnia and Herzegovina,2005,1760
Bosnia and Herzegovina,2006,979
Bosnia and Herzegovina,2007,716
Bosnia and Herzegovina,2008,392
Bosnia and Herzegovina,2009,578
Bosnia and Herzegovina,2010,549
Bosnia and Herzegovina,2011,492
Bosnia and Herzegovina,2012,1193
Bosnia and Herzegovina,2013,554
Bosnia and Herzegovina,2014,1168
Bosnia and Herzegovina,2015,866
Bosnia and Herzegovina,2016,586
Bosnia and Herzegovina,2017,1103
Bosnia and Herzegovina,2018,794
Botswana,1990,323
Botswana,1991,261
Botswana,1992,244
Botswana,1993,336
Botswana,1994,116
Botswana,1995,130
Botswana,1996,25
Botswana,1999,801
Botswana,2000,851
Botswana,2001,1597
Botswana,2003,1736
Botswana,2007,844
Botswana,2008,913
Botswana,2009,612
Botswana,2010,994
Botswana,2011,765
Botswana,2012,869
Botswana,2013,164
Botswana,2014,101
Botswana,2015,292
Botswana,2016,185
Botswana,2017,164
Botswana,2018,228
Brazil,1986,86
Brazil,1987,121
Brazil,1988,196
Brazil,1990,2745
Brazil,1991,1317
Brazil,1992,691
Brazil,1993,929
Brazil,1994,92
Brazil,1995,342
Brazil,1996,1138
Brazil,1997,1622
Brazil,1998,820
Brazil,1999,216
Brazil,2000,197
Brazil,2001,281
Brazil,2002,363
Brazil,2003,174
Brazil,2004,208
Brazil,2005,180
Brazil,2006,275
Brazil,2007,314
Brazil,2008,399
Brazil,2009,203
Brazil,2010,157
Brazil,2011,185
Brazil,2012,217
Brazil,2013,166
Brazil,2014,269
Brazil,2015,361
Brazil,2016,298
Brazil,2017,345
Brazil,2018,332
Brunei Darussalam,1986,636
Brunei Darussalam,2002,3332
Brunei Darussalam,2003,1225
Brunei Darussalam,2013,1582
Brunei Darussalam,2014,1477
Brunei Darussalam,2015,1581
Brunei Darussalam,2016,1217
Brunei Darussalam,2017,979
Brunei Darussalam,2018,1216
Bulgaria,1988,160
Bulgaria,1992,645
Bulgaria,2001,692
Bulgaria,2002,295
Bulgaria,2003,1134
Bulgaria,2004,2748
Bulgaria,2005,2238
Bulgaria,2006,1532
Bulgaria,2007,1523
Bulgaria,2008,3548
Bulgaria,2009,2805
Bulgaria,2010,3602
Bulgaria,2011,3725
Bulgaria,2012,4890
Bulgaria,2013,7176
Bulgaria,2014,5303
Bulgaria,2015,8152
Bulgaria,2016,8057
Bulgaria,2017,9030
Bulgaria,2018,10889
Burkina Faso,1994,1
Burkina Faso,1995,5
Burkina Faso,1996,4
Burkina Faso,1997,11
Burkina Faso,1999,7
Burkina Faso,2000,1
Burkina Faso,2001,1
Burkina Faso,2002,12
Burkina Faso,2003,9
Burkina Faso,2004,4
Burkina Faso,2009,2
Burkina Faso,2010,18
Burkina Faso,2011,29
Burkina Faso,2012,93
Burkina Faso,2013,17
Burkina Faso,2014,32
Burkina Faso,2015,22
Burkina Faso,2016,8
Burkina Faso,2017,47
Burkina Faso,2018,101
Burundi,1998,2
Burundi,1999,2
Burundi,2000,0
Burundi,2002,0
Burundi,2003,0
Burundi,2005,0
Burundi,2008,0
Burundi,2009,1
Burundi,2010,3
Burundi,2012,19
Burundi,2013,2
Burundi,2014,7
Burundi,2015,5
Burundi,2016,8
Burundi,2017,0
Burundi,2018,11
Cabo Verde,1986,7
Cabo Verde,1998,171
Cabo Verde,1999,162
Cabo Verde,2000,139
Cabo Verde,2001,103
Cabo Verde,2005,35
Cabo Verde,2006,118
Cabo Verde,2007,96
Cabo Verde,2008,182
Cabo Verde,2009,168
Cabo Verde,2010,122
Cabo Verde,2011,260
Cabo Verde,2012,324
Cabo Verde,2013,366
Cabo Verde,2014,294
Cabo Verde,2015,450
Cabo Verde,2016,606
Cabo Verde,2017,641
Cabo Verde,2018,635
Cambodia,2000,2
Cambodia,2002,1
Cambodia,2003,2
Cambodia,2011,59
Cambodia,2012,186
Cambodia,2013,176
Cambodia,2014,41
Cambodia,2015,2
Cambodia,2016,8
Cambodia,2017,15
Cambodia,2018,32
Cameroon,1986,40
Cameroon,1987,207
Cameroon,1988,534
Cameroon,1989,426
Cameroon,1990,116
Cameroon,1991,35
Cameroon,1993,32
Cameroon,1994,23
Cameroon,1995,19
Cameroon,1996,44
Cameroon,1997,19
Cameroon,1998,17
Cameroon,1999,4
Cameroon,2000,15
Cameroon,2001,7
Cameroon,2002,0
Cameroon,2003,30
Cameroon,2004,25
Cameroon,2005,14
Cameroon,2006,7
Cameroon,2007,84
Cameroon,2008,52
Cameroon,2009,90
Cameroon,2010,82
Cameroon,2011,31
Cameroon,2012,202
Cameroon,2014,207
Cameroon,2015,2320
Cameroon,2016,456
Cameroon,2017,637
Cameroon,2018,1310
Canada,1986,16187
Canada,1987,19725
Canada,1988,10047
Canada,1989,11858
Canada,1990,15004
Canada,1991,16979
Canada,1992,16846
Canada,1993,20148
Canada,1994,21451
Canada,1995,23089
Canada,1996,24154
Canada,1997,32892
Canada,1998,43295
Canada,1999,30574
Canada,2000,26423
Canada,2001,43420
Canada,2002,29046
Canada,2003,22556
Canada,2004,41828
Canada,2005,29840
Canada,2006,24612
Canada,2007,23378
Canada,2008,27975
Canada,2009,33190
Canada,2010,29007
Canada,2011,26882
Canada,2012,29195
Canada,2013,37372
Canada,2014,62624
Canada,2015,66668
Canada,2016,54209
Canada,2017,45110
Canada,2018,55479
Central African Republic,1993,9
Central African Republic,1994,18
Central African Republic,1995,25
Central African Republic,1996,6
Central African Republic,1997,2
Central African Republic,1998,33
Central African Republic,1999,37
Central African Republic,2000,33
Central African Republic,2001,8
Central African Republic,2002,0
Central African Republic,2003,51
Central African Republic,2004,62
Central African Republic,2005,60
Central African Republic,2007,147
Central African Republic,2008,92
Central African Republic,2009,68
Central African Republic,2010,83
Central African Republic,2011,175
Central African Republic,2012,180
Central African Republic,2013,91
Central African Republic,2014,94
Central African Republic,2015,160
Central African Republic,2016,242
Central African Republic,2017,460
Central African Republic,2018,503
Chile,1986,6
Chile,1987,5
Chile,1988,14
Chile,1989,8
Chile,1990,10
Chile,1991,9
Chile,1992,20
Chile,1993,26
Chile,1994,22
Chile,1995,29
Chile,1996,32
Chile,1997,51
Chile,1998,70
Chile,1999,35
Chile,2000,59
Chile,2001,40
Chile,2002,203
Chile,2003,61
Chile,2004,39
Chile,2005,41
Chile,2006,92
Chile,2007,110
Chile,2008,58
Chile,2009,178
Chile,2010,258
Chile,2011,132
Chile,2012,172
Chile,2013,387
Chile,2014,518
Chile,2015,643
Chile,2016,746
Chile,2017,744
Chile,2018,1043
"China, Hong Kong SAR",1986,76386
"China, Hong Kong SAR",1987,81681
"China, Hong Kong SAR",1988,84084
"China, Hong Kong SAR",1989,76557
"China, Hong Kong SAR",1990,75584
"China, Hong Kong SAR",1991,84230
"China, Hong Kong SAR",1992,88288
"China, Hong Kong SAR",1993,82040
"China, Hong Kong SAR",1994,84879
"China, Hong Kong SAR",1995,86144
"China, Hong Kong SAR",1996,88607
"China, Hong Kong SAR",1997,84997
"China, Hong Kong SAR",1998,85459
"China, Hong Kong SAR",1999,84801
"China, Hong Kong SAR",2000,82916
"China, Hong Kong SAR",2001,84826
"China, Hong Kong SAR",2002,83926
"China, Hong Kong SAR",2003,84838
"China, Hong Kong SAR",2004,86806
"China, Hong Kong SAR",2005,86908
"China, Hong Kong SAR",2006,85593
"China, Hong Kong SAR",2007,90850
"China, Hong Kong SAR",2008,92492
"China, Hong Kong SAR",2009,93700
"China, Hong Kong SAR",2010,97584
"China, Hong Kong SAR",2011,105532
"China, Hong Kong SAR",2012,116046
"China, Hong Kong SAR",2013,121514
"China, Hong Kong SAR",2014,149142
"China, Hong Kong SAR",2015,149673
"China, Hong Kong SAR",2016,162209
"China, Hong Kong SAR",2017,167602
"China, Hong Kong SAR",2018,178171
"China, Macao SAR",1986,3874
"China, Macao SAR",1987,4081
"China, Macao SAR",1989,4087
"China, Macao SAR",1990,4083
"China, Macao SAR",1991,4212
"China, Macao SAR",1993,4049
"China, Macao SAR",1994,4169
"China, Macao SAR",1995,3758
"China, Macao SAR",1996,4502
"China, Macao SAR",1999,4017
"China, Macao SAR",2000,4417
"China, Macao SAR",2001,4821
"China, Macao SAR",2002,5422
"China, Macao SAR",2003,5972
"China, Macao SAR",2004,6278
"China, Macao SAR",2006,7169
"China, Macao SAR",2007,6679
"China, Macao SAR",2008,7801
"China, Macao SAR",2009,7634
"China, Macao SAR",2010,7690
"China, Macao SAR",2011,8882
"China, Macao SAR",2012,8849
"China, Macao SAR",2014,11764
"China, Macao SAR",2015,11884
"China, Macao SAR",2016,12670
"China, Macao SAR",2017,13029
"China, Macao SAR",2018,14576
"China, Taiwan Province of",1986,0
"China, Taiwan Province of",1987,56
"China, Taiwan Province of",1988,333
"China, Taiwan Province of",1989,640
"China, Taiwan Province of",1990,276
"China, Taiwan Province of",1991,291
"China, Taiwan Province of",1992,292
"China, Taiwan Province of",1993,502
"China, Taiwan Province of",1994,771
"China, Taiwan Province of",1995,859
"China, Taiwan Province of",1996,570
"China, Taiwan Province of",1997,260
"China, Taiwan Province of",1998,133
"China, Taiwan Province of",1999,191
"China, Taiwan Province of",2000,223
"China, Taiwan Province of",2001,166
"China, Taiwan Province of",2002,185
"China, Taiwan Province of",2003,158
"China, Taiwan Province of",2004,136
"China, Taiwan Province of",2005,461
"China, Taiwan Province of",2006,483
"China, Taiwan Province of",2009,503
"China, Taiwan Province of",2010,707
"China, Taiwan Province of",2011,505
"China, Taiwan Province of",2012,1056
"China, Taiwan Province of",2013,1388
"China, Taiwan Province of",2014,1982
"China, Taiwan Province of",2015,734
"China, Taiwan Province of",2016,1114
"China, Taiwan Province of",2017,1936
"China, Taiwan Province of",2018,1691
"China, mainland",1987,5
"China, mainland",1988,5
"China, mainland",1989,25
"China, mainland",1990,56
"China, mainland",1991,28
"China, mainland",1992,386
"China, mainland",1993,24247
"China, mainland",1994,6143
"China, mainland",1995,249
"China, mainland",1996,362
"China, mainland",1997,760
"China, mainland",1998,284
"China, mainland",1999,278
"China, mainland",2000,298
"China, mainland",2001,223
"China, mainland",2002,206
"China, mainland",2003,199
"China, mainland",2004,9
"China, mainland",2005,9
"China, mainland",2006,214
"China, mainland",2007,38
"China, mainland",2008,275
"China, mainland",2009,103
"China, mainland",2010,236
"China, mainland",2011,289
"China, mainland",2012,198
"China, mainland",2013,152
"China, mainland",2014,16
"China, mainland",2015,2
"China, mainland",2016,0
"China, mainland",2017,64
"China, mainland",2018,3
Colombia,1986,206
Colombia,1987,199
Colombia,1988,298
Colombia,1989,288
Colombia,1990,242
Colombia,1991,97
Colombia,1992,1276
Colombia,1993,1716
Colombia,1994,1201
Colombia,1995,3591
Colombia,1996,1264
Colombia,1997,1712
Colombia,1998,2165
Colombia,1999,531
Colombia,2000,1441
Colombia,2001,2656
Colombia,2002,1204
Colombia,2003,291
Colombia,2004,392
Colombia,2005,1251
Colombia,2006,313
Colombia,2007,581
Colombia,2008,295
Colombia,2009,178
Colombia,2010,323
Colombia,2011,445
Colombia,2012,618
Colombia,2013,505
Colombia,2014,560
Colombia,2015,471
Colombia,2016,448
Colombia,2017,341
Colombia,2018,317
Comoros,1995,1
Comoros,1996,1
Comoros,1997,6
Comoros,1998,4
Comoros,1999,5
Comoros,2000,1
Comoros,2001,0
Comoros,2014,303
Comoros,2015,240
Comoros,2016,319
Comoros,2017,279
Comoros,2018,254
Congo,1993,676
Congo,1994,228
Congo,2005,1664
Congo,2008,843
Congo,2009,1078
Congo,2010,1069
Congo,2012,1832
Congo,2013,1910
Congo,2014,2276
Congo,2015,3394
Congo,2016,2881
Congo,2017,2215
Cook Islands,1998,0
Cook Islands,1999,0
Cook Islands,2001,3
Cook Islands,2002,8
Cook Islands,2014,225
Cook Islands,2015,194
Cook Islands,2016,181
Cook Islands,2017,271
Cook Islands,2018,259
Costa Rica,1986,813
Costa Rica,1987,527
Costa Rica,1988,906
Costa Rica,1989,639
Costa Rica,1990,587
Costa Rica,1991,368
Costa Rica,1992,357
Costa Rica,1993,388
Costa Rica,1994,210
Costa Rica,1995,149
Costa Rica,1996,87
Costa Rica,1997,889
Costa Rica,1998,1667
Costa Rica,1999,928
Costa Rica,2000,882
Costa Rica,2001,992
Costa Rica,2002,1124
Costa Rica,2003,1030
Costa Rica,2004,847
Costa Rica,2005,1063
Costa Rica,2006,1225
Costa Rica,2007,855
Costa Rica,2008,959
Costa Rica,2009,912
Costa Rica,2010,1093
Costa Rica,2011,902
Costa Rica,2012,1232
Costa Rica,2013,1634
Costa Rica,2014,1913
Costa Rica,2015,1962
Costa Rica,2016,1699
Costa Rica,2017,1779
Costa Rica,2018,2700
Croatia,1992,2904
Croatia,1993,2432
Croatia,1994,168
Croatia,1995,149
Croatia,1996,1961
Croatia,1997,128
Croatia,1998,191
Croatia,1999,169
Croatia,2000,206
Croatia,2001,712
Croatia,2002,1174
Croatia,2003,1320
Croatia,2004,1679
Croatia,2005,494
Croatia,2006,1553
Croatia,2007,3560
Croatia,2008,2242
Croatia,2009,2319
Croatia,2010,3357
Croatia,2011,2701
Croatia,2012,3173
Croatia,2013,2724
Croatia,2014,7179
Croatia,2015,9027
Croatia,2016,8955
Croatia,2017,7803
Croatia,2018,7743
Cuba,1999,48
Cuba,2000,52
Cuba,2001,71
Cuba,2002,840
Cuba,2003,1027
Cuba,2004,1442
Cuba,2005,733
Cuba,2007,211
Cuba,2014,477
Cuba,2015,457
Cuba,2016,488
Cuba,2017,547
Cuba,2018,882
Cyprus,1986,125
Cyprus,1987,13
Cyprus,1989,96
Cyprus,1990,50
Cyprus,1993,20
Cyprus,1994,8
Cyprus,1995,24
Cyprus,1996,37
Cyprus,1997,26
Cyprus,1998,31
Cyprus,1999,10
Cyprus,2000,44
Cyprus,2001,184
Cyprus,2002,143
Cyprus,2003,316
Cyprus,2004,197
Cyprus,2005,576
Cyprus,2006,590
Cyprus,2007,1554
Cyprus,2008,1197
Cyprus,2009,863
Cyprus,2010,1307
Cyprus,2011,1411
Cyprus,2012,1097
Cyprus,2013,886
Cyprus,2014,1161
Cyprus,2015,1269
Cyprus,2016,1240
Cyprus,2017,1478
Cyprus,2018,1548
Czechia,1993,997
Czechia,1994,1291
Czechia,1995,631
Czechia,1996,3240
Czechia,1997,3020
Czechia,1998,3705
Czechia,1999,1547
Czechia,2000,4148
Czechia,2001,3236
Czechia,2002,2548
Czechia,2003,4343
Czechia,2004,14110
Czechia,2005,25873
Czechia,2006,41816
Czechia,2007,26832
Czechia,2008,10210
Czechia,2009,30612
Czechia,2010,34666
Czechia,2011,36305
Czechia,2012,37854
Czechia,2013,31755
Czechia,2014,36592
Czechia,2015,42552
Czechia,2016,43927
Czechia,2017,36747
Czechia,2018,35003
Côte d'Ivoire,1997,287
Côte d'Ivoire,1998,277
Côte d'Ivoire,1999,184
Côte d'Ivoire,2000,114
Côte d'Ivoire,2001,67
Côte d'Ivoire,2002,48
Côte d'Ivoire,2003,57
Côte d'Ivoire,2004,116
Côte d'Ivoire,2005,264
Côte d'Ivoire,2006,213
Côte d'Ivoire,2007,251
Côte d'Ivoire,2008,274
Côte d'Ivoire,2009,227
Côte d'Ivoire,2010,211
Côte d'Ivoire,2011,195
Côte d'Ivoire,2012,380
Côte d'Ivoire,2013,177
Côte d'Ivoire,2014,584
Côte d'Ivoire,2015,405
Côte d'Ivoire,2016,1094
Côte d'Ivoire,2017,1495
Côte d'Ivoire,2018,1552
Democratic Republic of the Congo,2007,2747
Democratic Republic of the Congo,2008,1874
Democratic Republic of the Congo,2014,2104
Democratic Republic of the Congo,2015,2087
Democratic Republic of the Congo,2016,1540
Democratic Republic of the Congo,2017,38
Democratic Republic of the Congo,2018,40
Denmark,1986,3658
Denmark,1987,8853
Denmark,1988,5832
Denmark,1989,4690
Denmark,1990,5815
Denmark,1991,8072
Denmark,1992,9265
Denmark,1993,7498
Denmark,1994,8585
Denmark,1995,10088
Denmark,1996,8667
Denmark,1997,19020
Denmark,1998,21018
Denmark,1999,21549
Denmark,2000,25567
Denmark,2001,23050
Denmark,2002,20363
Denmark,2003,27813
Denmark,2004,37091
Denmark,2005,35093
Denmark,2006,37121
Denmark,2007,36366
Denmark,2008,34714
Denmark,2009,34494
Denmark,2010,27545
Denmark,2011,25025
Denmark,2012,24143
Denmark,2013,20391
Denmark,2014,22823
Denmark,2015,24180
Denmark,2016,22744
Denmark,2017,25427
Denmark,2018,28806
Djibouti,1986,459
Djibouti,1987,494
Djibouti,1988,821
Djibouti,1989,440
Djibouti,1990,434
Djibouti,1991,503
Djibouti,2014,1067
Djibouti,2015,1714
Djibouti,2016,1901
Djibouti,2017,1811
Djibouti,2018,2429
Dominica,1997,0
Dominica,2000,0
Dominica,2002,0
Dominica,2003,0
Dominica,2005,0
Dominica,2006,0
Dominica,2008,0
Dominica,2012,1
Dominica,2015,0
Dominica,2017,0
Dominica,2018,16
Ecuador,1987,18
Ecuador,1988,7
Ecuador,1989,6
Ecuador,1990,17
Ecuador,1991,186
Ecuador,1992,42
Ecuador,1994,998
Ecuador,1995,620
Ecuador,1996,633
Ecuador,1997,288
Ecuador,1998,575
Ecuador,1999,238
Ecuador,2000,598
Ecuador,2001,1455
Ecuador,2002,1269
Ecuador,2003,1376
Ecuador,2004,1495
Ecuador,2005,1988
Ecuador,2006,2224
Ecuador,2007,2790
Ecuador,2008,3423
Ecuador,2009,3824
Ecuador,2010,4548
Ecuador,2011,3836
Ecuador,2012,4886
Ecuador,2013,5167
Ecuador,2014,5648
Ecuador,2015,3233
Ecuador,2016,2868
Ecuador,2017,1388
Ecuador,2018,698
Egypt,1986,1004
Egypt,1987,2826
Egypt,1988,2523
Egypt,1989,719
Egypt,1990,87
Egypt,1991,57
Egypt,1992,38
Egypt,1993,128
Egypt,1994,58
Egypt,1995,11
Egypt,1996,36
Egypt,1998,314
Egypt,1999,341
Egypt,2000,80
Egypt,2001,134
Egypt,2002,39
Egypt,2003,43
Egypt,2004,27
Egypt,2005,407
Egypt,2006,114
Egypt,2007,87
Egypt,2009,1844
Egypt,2011,1184
Egypt,2013,1571
Egypt,2014,1307
Egypt,2015,942
Egypt,2016,687
Egypt,2017,287
Egypt,2018,459
El Salvador,1991,462
El Salvador,1992,378
El Salvador,1993,242
El Salvador,1994,353
El Salvador,1995,201
El Salvador,1996,227
El Salvador,1997,290
El Salvador,1999,1864
El Salvador,2000,1303
El Salvador,2001,628
El Salvador,2002,2090
El Salvador,2003,1339
El Salvador,2004,1365
El Salvador,2005,2815
El Salvador,2006,2436
El Salvador,2007,578
El Salvador,2008,183
El Salvador,2009,551
El Salvador,2010,823
El Salvador,2011,631
El Salvador,2012,385
El Salvador,2013,573
El Salvador,2014,1489
El Salvador,2015,2337
El Salvador,2016,2657
El Salvador,2017,1693
El Salvador,2018,1461
Estonia,1998,398
Estonia,1999,287
Estonia,2000,1912
Estonia,2001,1180
Estonia,2002,1068
Estonia,2003,676
Estonia,2004,981
Estonia,2005,2413
Estonia,2006,3397
Estonia,2007,6206
Estonia,2008,6424
Estonia,2009,5631
Estonia,2010,6054
Estonia,2011,6583
Estonia,2012,7634
Estonia,2013,9125
Estonia,2014,9214
Estonia,2015,8668
Estonia,2016,9429
Estonia,2017,7585
Estonia,2018,8573
Eswatini,1997,785
Eswatini,1998,1061
Eswatini,2000,1776
Eswatini,2001,2509
Eswatini,2002,2320
Eswatini,2003,2238
Eswatini,2004,6119
Eswatini,2005,2466
Eswatini,2006,3627
Eswatini,2007,2600
Eswatini,2014,989
Eswatini,2015,1691
Eswatini,2016,1414
Eswatini,2017,1379
Eswatini,2018,1515
Ethiopia,1998,0
Ethiopia,2000,0
Ethiopia,2001,0
Ethiopia,2002,0
Ethiopia,2003,10
Ethiopia,2004,6
Ethiopia,2005,0
Ethiopia,2006,3
Ethiopia,2007,6
Ethiopia,2008,2
Ethiopia,2009,4
Ethiopia,2010,3
Ethiopia,2011,24
Ethiopia,2012,2
Ethiopia,2013,118
Ethiopia,2014,2
Ethiopia,2015,2
Ethiopia,2016,5
Ethiopia,2017,178
Ethiopia,2018,256
Ethiopia PDR,1987,5
Ethiopia PDR,1991,27
Ethiopia PDR,1992,6
Faroe Islands,1986,317
Faroe Islands,1989,455
Faroe Islands,1991,507
Faroe Islands,1996,454
Faroe Islands,1997,431
Faroe Islands,1998,437
Faroe Islands,1999,436
Faroe Islands,2009,466
Faroe Islands,2014,527
Faroe Islands,2015,563
Faroe Islands,2016,577
Faroe Islands,2017,643
Faroe Islands,2018,722
Fiji,1986,22
Fiji,1987,92
Fiji,1988,146
Fiji,1989,126
Fiji,1990,77
Fiji,1991,128
Fiji,1994,270
Fiji,2000,701
Fiji,2001,3911
Fiji,2002,2263
Fiji,2003,403
Fiji,2004,188
Fiji,2005,234
Fiji,2006,542
Fiji,2007,408
Fiji,2008,237
Fiji,2009,136
Fiji,2010,238
Fiji,2011,75
Fiji,2012,53
Fiji,2013,68
Fiji,2014,81
Fiji,2015,85
Fiji,2016,128
Fiji,2017,185
Fiji,2018,186
Finland,1986,3
Finland,1987,0
Finland,1988,10
Finland,1989,41
Finland,1990,10
Finland,1991,15
Finland,1992,14
Finland,1993,21
Finland,1994,26
Finland,1995,40
Finland,1996,162
Finland,1997,82
Finland,1998,89
Finland,1999,132
Finland,2000,184
Finland,2001,184
Finland,2002,822
Finland,2003,824
Finland,2004,778
Finland,2005,726
Finland,2006,643
Finland,2007,889
Finland,2008,1319
Finland,2009,2531
Finland,2010,608
Finland,2011,1867
Finland,2012,3332
Finland,2013,1030
Finland,2014,1776
Finland,2015,2911
Finland,2016,2931
Finland,2017,1905
Finland,2018,2460
France,1986,33783
France,1987,56294
France,1988,58593
France,1989,61179
France,1990,61647
France,1991,57452
France,1992,62856
France,1993,60434
France,1994,52113
France,1995,58281
France,1996,76606
France,1997,72407
France,1998,67724
France,1999,69799
France,2000,78691
France,2001,78296
France,2002,102206
France,2003,106335
France,2004,102596
France,2005,108444
France,2006,119378
France,2007,209606
France,2008,163113
France,2009,173001
France,2010,91765
France,2011,96875
France,2012,123508
France,2013,86073
France,2014,71812
France,2015,81143
France,2016,97180
France,2017,104909
France,2018,99577
French Guyana,1986,146
French Guyana,1987,237
French Guyana,1988,236
French Guyana,1989,303
French Guyana,1991,425
French Guyana,1992,403
French Guyana,1993,251
French Guyana,1994,254
French Guyana,1995,326
French Polynesia,2001,13
French Polynesia,2002,1
French Polynesia,2003,0
French Polynesia,2004,17
French Polynesia,2005,24
French Polynesia,2006,27
French Polynesia,2007,34
French Polynesia,2008,43
French Polynesia,2009,63
French Polynesia,2010,27
French Polynesia,2011,13
French Polynesia,2012,182
French Polynesia,2013,1005
French Polynesia,2014,876
French Polynesia,2015,19
French Polynesia,2016,147
French Polynesia,2017,201
French Polynesia,2018,185
Gabon,1993,19
Gabon,1994,25
Gabon,1997,21
Gabon,1998,14
Gabon,1999,26
Gabon,2000,27
Gabon,2001,11
Gabon,2002,0
Gabon,2003,1
Gabon,2004,0
Gabon,2005,7
Gabon,2006,0
Gabon,2014,53
Gabon,2015,14
Gabon,2016,44
Gabon,2017,13
Gabon,2018,163
Gambia,1999,2540
Gambia,2000,446
Gambia,2001,1778
Gambia,2002,747
Gambia,2003,219
Gambia,2007,1068
Gambia,2008,1116
Gambia,2009,484
Gambia,2010,723
Gambia,2011,471
Gambia,2012,325
Gambia,2013,505
Gambia,2014,648
Gambia,2015,385
Gambia,2016,700
Gambia,2017,1631
Gambia,2018,1531
Georgia,2000,6230
Georgia,2001,7321
Georgia,2002,4203
Georgia,2003,4716
Georgia,2004,6930
Georgia,2005,5372
Georgia,2006,2759
Georgia,2007,2026
Georgia,2008,1387
Georgia,2009,696
Georgia,2010,601
Georgia,2011,455
Georgia,2012,254
Georgia,2013,1706
Georgia,2014,1651
Georgia,2015,89
Georgia,2016,277
Georgia,2017,995
Georgia,2018,753
Germany,1991,336309
Germany,1992,316553
Germany,1993,215054
Germany,1994,269472
Germany,1995,249388
Germany,1996,296947
Germany,1997,299546
Germany,1998,302968
Germany,1999,264290
Germany,2000,253222
Germany,2001,272976
Germany,2002,298911
Germany,2003,289490
Germany,2004,301772
Germany,2005,326374
Germany,2006,363156
Germany,2007,368855
Germany,2008,397214
Germany,2009,494066
Germany,2010,552949
Germany,2011,487167
Germany,2012,454300
Germany,2013,441283
Germany,2014,467597
Germany,2015,477760
Germany,2016,515010
Germany,2017,490953
Germany,2018,494678
Ghana,1998,152
Ghana,1999,123
Ghana,2000,169
Ghana,2001,98
Ghana,2002,78
Ghana,2003,63
Ghana,2005,107
Ghana,2007,52
Ghana,2008,45
Ghana,2009,21
Ghana,2010,37
Ghana,2011,83
Ghana,2012,115
Ghana,2013,86
Ghana,2014,112
Ghana,2015,15
Ghana,2016,65
Ghana,2017,151
Ghana,2018,60
Greece,1986,342
Greece,1987,501
Greece,1988,520
Greece,1989,1217
Greece,1990,1494
Greece,1991,2055
Greece,1992,1759
Greece,1993,1819
Greece,1994,2373
Greece,1995,2106
Greece,1996,2899
Greece,1997,2756
Greece,1998,3394
Greece,1999,2726
Greece,2000,1954
Greece,2001,2860
Greece,2002,2825
Greece,2003,2173
Greece,2004,4415
Greece,2005,6332
Greece,2006,5903
Greece,2007,7894
Greece,2008,6395
Greece,2009,9261
Greece,2010,8131
Greece,2011,8875
Greece,2012,13018
Greece,2013,25078
Greece,2014,19326
Greece,2015,14396
Greece,2016,14492
Greece,2017,17937
Greece,2018,18546
Greenland,1986,559
Greenland,1988,560
Greenland,1989,548
Greenland,1990,534
Greenland,1991,520
Greenland,1992,519
Greenland,1993,524
Greenland,1994,448
Greenland,1995,409
Greenland,1997,350
Greenland,1998,363
Greenland,1999,440
Greenland,2000,440
Greenland,2001,409
Greenland,2013,580
Greenland,2014,562
Greenland,2015,563
Greenland,2016,584
Greenland,2017,607
Greenland,2018,652
Grenada,1987,1
Grenada,1988,27
Grenada,1989,9
Grenada,1990,8
Grenada,1991,7
Grenada,2002,1
Grenada,2004,0
Grenada,2005,19
Grenada,2006,6
Grenada,2009,39
Guadeloupe,1986,1007
Guadeloupe,1987,1034
Guadeloupe,1988,1134
Guadeloupe,1989,1344
Guadeloupe,1991,902
Guadeloupe,1992,1094
Guadeloupe,1993,1157
Guadeloupe,1994,1136
Guadeloupe,1995,1432
Guatemala,1986,16
Guatemala,1987,6
Guatemala,1988,3
Guatemala,1990,132
Guatemala,1991,211
Guatemala,1993,228
Guatemala,1994,224
Guatemala,1995,45
Guatemala,1996,133
Guatemala,1997,262
Guatemala,1998,516
Guatemala,1999,785
Guatemala,2000,1188
Guatemala,2001,2060
Guatemala,2002,2544
Guatemala,2003,1454
Guatemala,2004,1127
Guatemala,2005,2627
Guatemala,2006,2243
Guatemala,2007,1546
Guatemala,2008,433
Guatemala,2009,1616
Guatemala,2010,1730
Guatemala,2011,1528
Guatemala,2012,1128
Guatemala,2013,794
Guatemala,2014,844
Guatemala,2015,694
Guatemala,2016,693
Guatemala,2017,291
Guatemala,2018,80
Guinea,1995,21
Guinea,1996,15
Guinea,1997,7
Guinea,1998,4
Guinea,1999,2
Guinea,2000,3
Guinea,2001,0
Guinea,2002,1
Guinea,2008,3
Guinea,2014,51
Guinea,2015,0
Guinea,2016,222
Guinea,2017,241
Guinea,2018,276
Guyana,1997,775
Guyana,1998,763
Guyana,1999,679
Guyana,2000,872
Guyana,2001,940
Guyana,2002,1202
Guyana,2003,1438
Guyana,2004,1933
Guyana,2005,1524
Guyana,2006,1949
Guyana,2007,1438
Guyana,2008,1682
Guyana,2010,1693
Guyana,2011,1692
Guyana,2012,2096
Guyana,2013,1819
Guyana,2014,2174
Guyana,2015,2300
Guyana,2016,2620
Guyana,2017,2828
Guyana,2018,3142
Honduras,1986,147
Honduras,1987,70
Honduras,1988,49
Honduras,1989,22
Honduras,1991,1089
Honduras,1992,171
Honduras,1993,949
Honduras,1994,2635
Honduras,1995,5016
Honduras,1996,6039
Honduras,1997,7529
Honduras,1998,6102
Honduras,1999,6737
Honduras,2000,9211
Honduras,2001,6393
Honduras,2002,2778
Honduras,2003,4717
Honduras,2004,1516
Honduras,2005,3334
Honduras,2006,2600
Honduras,2007,2956
Honduras,2008,3379
Honduras,2009,2023
Honduras,2012,706
Honduras,2014,93
Honduras,2015,155
Honduras,2016,281
Honduras,2017,316
Honduras,2018,487
Hungary,1986,1508
Hungary,1987,2164
Hungary,1988,5338
Hungary,1991,1664
Hungary,1992,3900
Hungary,1993,5041
Hungary,1994,24964
Hungary,1995,3969
Hungary,1996,1452
Hungary,1997,1199
Hungary,1998,2040
Hungary,1999,624
Hungary,2000,946
Hungary,2001,3064
Hungary,2002,3024
Hungary,2003,3346
Hungary,2004,3502
Hungary,2005,15568
Hungary,2006,14202
Hungary,2007,18147
Hungary,2008,13683
Hungary,2009,16412
Hungary,2010,10489
Hungary,2011,13608
Hungary,2012,13029
Hungary,2013,14082
Hungary,2014,14594
Hungary,2015,16052
Hungary,2016,18458
Hungary,2017,20524
Hungary,2018,18960
Iceland,1986,9
Iceland,1987,5
Iceland,1988,15
Iceland,1989,29
Iceland,1990,36
Iceland,1991,50
Iceland,1992,62
Iceland,1993,56
Iceland,1994,113
Iceland,1995,54
Iceland,1996,63
Iceland,1997,69
Iceland,1998,66
Iceland,1999,68
Iceland,2000,99
Iceland,2001,69
Iceland,2002,42
Iceland,2003,66
Iceland,2004,61
Iceland,2005,177
Iceland,2006,260
Iceland,2007,242
Iceland,2008,211
Iceland,2009,99
Iceland,2010,114
Iceland,2011,100
Iceland,2012,104
Iceland,2013,217
Iceland,2014,163
Iceland,2015,110
Iceland,2016,174
Iceland,2017,283
Iceland,2018,240
India,1986,2
India,1994,1
India,1996,68
India,1997,11
India,1998,5
India,1999,69
India,2000,23
India,2001,8
India,2002,388
India,2003,127
India,2004,300
India,2005,368
India,2006,288
India,2007,303
India,2008,120
India,2009,78
India,2010,167
India,2011,314
India,2012,212
India,2013,232
India,2014,47
India,2015,40
India,2016,59
India,2017,45
India,2018,91
Indonesia,1986,40
Indonesia,1987,65
Indonesia,1988,21
Indonesia,1989,61
Indonesia,1990,62
Indonesia,1991,146
Indonesia,1992,109
Indonesia,1993,73
Indonesia,1994,220
Indonesia,1995,343
Indonesia,1996,549
Indonesia,1997,393
Indonesia,1998,231
Indonesia,1999,3328
Indonesia,2000,1745
Indonesia,2001,901
Indonesia,2002,1166
Indonesia,2003,1029
Indonesia,2004,994
Indonesia,2005,845
Indonesia,2006,1172
Indonesia,2007,1683
Indonesia,2008,1432
Indonesia,2009,1253
Indonesia,2010,1323
Indonesia,2011,1231
Indonesia,2012,1321
Indonesia,2013,1738
Indonesia,2014,1501
Indonesia,2015,1438
Indonesia,2016,1627
Indonesia,2017,1898
Indonesia,2018,1894
Iran (Islamic Republic of),1997,21
Iran (Islamic Republic of),1998,126
Iran (Islamic Republic of),1999,257
Iran (Islamic Republic of),2000,24
Iran (Islamic Republic of),2001,25
Iran (Islamic Republic of),2002,319
Iran (Islamic Republic of),2003,1026
Iran (Islamic Republic of),2004,64
Iran (Islamic Republic of),2005,275
Iran (Islamic Republic of),2006,150
Iran (Islamic Republic of),2007,97
Iran (Islamic Republic of),2008,40
Iran (Islamic Republic of),2010,985
Iran (Islamic Republic of),2011,29819
Iran (Islamic Republic of),2014,47
Iran (Islamic Republic of),2015,458
Iran (Islamic Republic of),2016,107
Iran (Islamic Republic of),2017,277
Iran (Islamic Republic of),2018,20169
Ireland,1986,7381
Ireland,1987,4599
Ireland,1988,3842
Ireland,1989,4791
Ireland,1990,4446
Ireland,1991,5768
Ireland,1992,4839
Ireland,1993,2226
Ireland,1994,3324
Ireland,1995,3256
Ireland,1996,2397
Ireland,1997,2279
Ireland,1998,1642
Ireland,1999,1715
Ireland,2000,3697
Ireland,2001,5135
Ireland,2002,4339
Ireland,2003,4982
Ireland,2004,4694
Ireland,2005,5297
Ireland,2006,6285
Ireland,2007,6287
Ireland,2008,7715
Ireland,2009,9692
Ireland,2010,9016
Ireland,2011,7966
Ireland,2012,12949
Ireland,2013,11520
Ireland,2014,11171
Ireland,2015,8241
Ireland,2016,7266
Ireland,2017,8162
Ireland,2018,9401
Israel,1986,200
Israel,1987,300
Israel,1989,206
Israel,1999,0
Israel,2000,330
Israel,2001,921
Israel,2002,1104
Israel,2003,762
Israel,2004,2835
Israel,2005,1884
Israel,2006,2774
Israel,2007,4976
Israel,2008,3644
Israel,2009,5684
Israel,2010,7119
Israel,2011,5615
Israel,2012,5679
Israel,2013,7226
Israel,2014,14209
Israel,2015,19249
Israel,2016,10536
Israel,2017,7031
Israel,2018,23982
Italy,1986,39676
Italy,1987,41038
Italy,1988,24238
Italy,1989,33762
Italy,1990,25331
Italy,1991,30986
Italy,1992,45233
Italy,1993,28191
Italy,1994,31726
Italy,1995,20065
Italy,1996,26862
Italy,1997,19697
Italy,1998,23817
Italy,1999,31597
Italy,2000,74740
Italy,2001,29009
Italy,2002,19472
Italy,2003,18358
Italy,2004,17268
Italy,2005,18930
Italy,2006,16906
Italy,2007,26546
Italy,2008,23181
Italy,2009,29162
Italy,2010,45133
Italy,2011,34784
Italy,2012,51502
Italy,2013,105390
Italy,2014,81846
Italy,2015,71777
Italy,2016,52948
Italy,2017,56950
Italy,2018,57218
Jamaica,1986,633
Jamaica,1988,2151
Jamaica,2001,4253
Jamaica,2004,4703
Jamaica,2005,6133
Jamaica,2007,4175
Jamaica,2008,3971
Jamaica,2009,4054
Jamaica,2010,3841
Jamaica,2012,3552
Jamaica,2013,3152
Jamaica,2014,3358
Jamaica,2015,3243
Jamaica,2016,1324
Jamaica,2017,4852
Jamaica,2018,5605
Japan,1986,24703
Japan,1987,12623
Japan,1988,13511
Japan,1989,15367
Japan,1990,15882
Japan,1991,23687
Japan,1992,15727
Japan,1993,17440
Japan,1994,18071
Japan,1995,20905
Japan,1996,21562
Japan,1997,21844
Japan,1998,15519
Japan,1999,17585
Japan,2000,21409
Japan,2001,20848
Japan,2002,23142
Japan,2003,20769
Japan,2004,20940
Japan,2005,44722
Japan,2006,21623
Japan,2007,16258
Japan,2008,16582
Japan,2009,13470
Japan,2010,15496
Japan,2011,23200
Japan,2012,17107
Japan,2013,16644
Japan,2014,17254
Japan,2015,16351
Japan,2016,17704
Japan,2017,16192
Japan,2018,15365
Jordan,1986,516
Jordan,1987,8
Jordan,1988,0
Jordan,1989,4
Jordan,1990,1
Jordan,1991,133
Jordan,1992,72
Jordan,1993,37
Jordan,1994,9
Jordan,1995,8
Jordan,1996,2
Jordan,1997,29
Jordan,1998,39
Jordan,1999,93
Jordan,2000,186
Jordan,2001,134
Jordan,2002,21
Jordan,2003,27
Jordan,2004,177
Jordan,2005,457
Jordan,2006,567
Jordan,2007,662
Jordan,2008,710
Jordan,2009,835
Jordan,2010,1146
Jordan,2011,1299
Jordan,2012,3036
Jordan,2013,6753
Jordan,2014,3502
Jordan,2015,9099
Jordan,2016,8215
Jordan,2017,693
Jordan,2018,1592
Kazakhstan,1998,991
Kazakhstan,1999,2255
Kazakhstan,2000,6489
Kazakhstan,2001,2381
Kazakhstan,2002,3427
Kazakhstan,2003,4444
Kazakhstan,2004,5548
Kazakhstan,2005,4733
Kazakhstan,2006,10063
Kazakhstan,2007,16261
Kazakhstan,2008,14902
Kazakhstan,2009,17256
Kazakhstan,2011,15839
Kazakhstan,2012,7163
Kazakhstan,2013,5678
Kazakhstan,2014,2790
Kazakhstan,2015,1991
Kazakhstan,2016,1852
Kazakhstan,2017,3399
Kazakhstan,2018,4087
Kenya,1986,0
Kenya,1987,40
Kenya,1988,4
Kenya,1991,21
Kenya,1992,0
Kenya,1993,4
Kenya,1996,123
Kenya,1997,44
Kenya,1998,16
Kenya,1999,17
Kenya,2000,54
Kenya,2001,0
Kenya,2002,5
Kenya,2003,26
Kenya,2004,567
Kenya,2005,201
Kenya,2006,37
Kenya,2007,195
Kenya,2008,63
Kenya,2009,27
Kenya,2010,7
Kenya,2013,286
Kenya,2014,1096
Kenya,2015,1266
Kenya,2016,4963
Kenya,2017,1046
Kenya,2018,1058
Kiribati,1986,8
Kiribati,1987,5
Kiribati,1988,3
Kiribati,1989,2
Kiribati,1990,3
Kiribati,1991,0
Kiribati,1992,4
Kiribati,2005,27
Kiribati,2009,11
Kiribati,2012,0
Kiribati,2014,3
Kiribati,2015,1
Kiribati,2016,7
Kiribati,2017,48
Kiribati,2018,113
Kuwait,1986,15407
Kuwait,1991,2948
Kuwait,1992,16846
Kuwait,1993,17585
Kuwait,1994,11419
Kuwait,1995,11786
Kuwait,1996,11199
Kuwait,1997,12297
Kuwait,1998,9668
Kuwait,1999,9208
Kuwait,2000,9404
Kuwait,2001,6838
Kuwait,2013,1717
Kuwait,2014,2113
Kuwait,2015,1277
Kuwait,2016,1097
Kuwait,2017,1619
Kuwait,2018,2310
Kyrgyzstan,1998,2069
Kyrgyzstan,1999,1482
Kyrgyzstan,2000,2077
Kyrgyzstan,2001,630
Kyrgyzstan,2002,600
Kyrgyzstan,2003,809
Kyrgyzstan,2004,285
Kyrgyzstan,2005,45
Kyrgyzstan,2006,153
Kyrgyzstan,2007,840
Kyrgyzstan,2008,1264
Kyrgyzstan,2010,3529
Kyrgyzstan,2011,4277
Kyrgyzstan,2012,2556
Kyrgyzstan,2014,4378
Kyrgyzstan,2015,2070
Kyrgyzstan,2016,130
Kyrgyzstan,2017,825
Kyrgyzstan,2018,197
Latvia,1994,154
Latvia,1995,84
Latvia,1997,1003
Latvia,2000,505
Latvia,2001,301
Latvia,2002,260
Latvia,2003,424
Latvia,2004,513
Latvia,2005,1278
Latvia,2006,2420
Latvia,2007,3367
Latvia,2008,4132
Latvia,2009,4747
Latvia,2010,6439
Latvia,2011,8135
Latvia,2012,8745
Latvia,2013,10604
Latvia,2014,9801
Latvia,2015,8221
Latvia,2016,5270
Latvia,2017,6742
Latvia,2018,9679
Lebanon,1997,92
Lebanon,1998,3
Lebanon,1999,4
Lebanon,2000,7
Lebanon,2001,76
Lebanon,2002,15
Lebanon,2003,10
Lebanon,2004,70
Lebanon,2005,59
Lebanon,2006,240
Lebanon,2007,191
Lebanon,2008,88
Lebanon,2009,59
Lebanon,2010,114
Lebanon,2011,42
Lebanon,2012,68
Lebanon,2013,146
Lebanon,2014,325
Lebanon,2015,278
Lebanon,2016,359
Lebanon,2017,480
Lebanon,2018,206
Libya,1986,262
Libya,1987,304
Libya,1988,23
Libya,1989,62
Libya,1990,409
Libya,1991,115
Libya,2003,5179
Libya,2004,8230
Libya,2014,6639
Libya,2015,12686
Libya,2016,10933
Libya,2017,8890
Libya,2018,8806
Lithuania,1992,15
Lithuania,1994,301
Lithuania,1996,25
Lithuania,1997,447
Lithuania,1999,1206
Lithuania,2000,281
Lithuania,2001,1240
Lithuania,2002,1106
Lithuania,2003,1223
Lithuania,2004,1115
Lithuania,2005,1319
Lithuania,2006,1124
Lithuania,2007,406
Lithuania,2008,428
Lithuania,2009,844
Lithuania,2010,3051
Lithuania,2011,6218
Lithuania,2012,6890
Lithuania,2013,7906
Lithuania,2014,9958
Lithuania,2015,12445
Lithuania,2016,10663
Lithuania,2017,11202
Lithuania,2018,12154
Luxembourg,2000,3612
Luxembourg,2001,3790
Luxembourg,2002,3872
Luxembourg,2003,3071
Luxembourg,2004,3089
Luxembourg,2005,2774
Luxembourg,2006,2117
Luxembourg,2007,3310
Luxembourg,2008,3405
Luxembourg,2009,3351
Luxembourg,2010,3396
Luxembourg,2011,3518
Luxembourg,2012,5818
Luxembourg,2013,5682
Luxembourg,2014,6736
Luxembourg,2015,6798
Luxembourg,2016,7575
Luxembourg,2017,7851
Luxembourg,2018,9480
Madagascar,1990,1
Madagascar,1991,2
Madagascar,1992,0
Madagascar,1995,5
Madagascar,1996,22
Madagascar,1998,25
Madagascar,1999,53
Madagascar,2000,55
Madagascar,2001,45
Madagascar,2002,47
Madagascar,2003,101
Madagascar,2004,33
Madagascar,2005,27
Madagascar,2006,10
Madagascar,2007,15
Madagascar,2008,20
Madagascar,2009,27
Madagascar,2010,107
Madagascar,2011,74
Madagascar,2012,98
Madagascar,2013,0
Madagascar,2014,2
Madagascar,2015,54
Madagascar,2016,43
Madagascar,2017,84
Madagascar,2018,233
Malawi,1987,0
Malawi,1992,71
Malawi,1997,2192
Malawi,1998,1572
Malawi,2001,1174
Malawi,2002,1221
Malawi,2003,1161
Malawi,2007,131
Malawi,2008,106
Malawi,2009,21
Malawi,2010,51
Malawi,2011,57
Malawi,2013,80
Malawi,2014,111
Malawi,2015,25
Malawi,2016,12
Malawi,2017,31
Malawi,2018,136
Malaysia,1986,1523
Malaysia,1987,1470
Malaysia,1988,1021
Malaysia,1989,847
Malaysia,1990,948
Malaysia,1991,954
Malaysia,1992,868
Malaysia,1993,1015
Malaysia,1994,1040
Malaysia,1995,2581
Malaysia,1996,2007
Malaysia,1998,837
Malaysia,1999,1190
Malaysia,2000,1245
Malaysia,2001,1304
Malaysia,2002,1889
Malaysia,2003,1914
Malaysia,2004,4737
Malaysia,2005,901
Malaysia,2006,896
Malaysia,2007,927
Malaysia,2008,1085
Malaysia,2009,442
Malaysia,2010,275
Malaysia,2011,135
Malaysia,2012,213
Malaysia,2013,298
Malaysia,2014,2166
Malaysia,2015,962
Malaysia,2016,908
Malaysia,2017,201
Malaysia,2018,866
Maldives,2001,2444
Maldives,2002,2813
Maldives,2003,3129
Maldives,2004,3529
Maldives,2005,3721
Maldives,2006,3322
Maldives,2007,4229
Maldives,2008,4609
Maldives,2010,5009
Maldives,2011,5251
Maldives,2012,5474
Maldives,2013,5519
Maldives,2014,8328
Maldives,2015,8427
Maldives,2016,9831
Maldives,2017,9242
Maldives,2018,11203
Mali,1997,2
Mali,1998,8
Mali,1999,8
Mali,2000,3
Mali,2001,39
Mali,2002,8
Mali,2003,38
Mali,2004,30
Mali,2005,7
Mali,2006,27
Mali,2007,11
Mali,2008,66
Mali,2012,41
Mali,2014,180
Mali,2015,334
Mali,2016,346
Mali,2017,528
Mali,2018,561
Malta,1987,238
Malta,1988,214
Malta,1990,228
Malta,1991,284
Malta,1992,332
Malta,1993,573
Malta,1998,708
Malta,1999,720
Malta,2000,493
Malta,2001,659
Malta,2002,530
Malta,2003,1381
Malta,2004,438
Malta,2005,344
Malta,2006,327
Malta,2007,381
Malta,2008,399
Malta,2009,504
Malta,2010,490
Malta,2011,778
Malta,2012,716
Malta,2013,631
Malta,2014,693
Malta,2015,702
Malta,2016,752
Malta,2017,802
Malta,2018,885
Martinique,1986,1551
Martinique,1987,1520
Martinique,1988,1035
Martinique,1989,1434
Martinique,1991,1709
Martinique,1992,1670
Martinique,1993,1676
Martinique,1994,2024
Martinique,1995,1994
Mauritania,2005,71
Mauritania,2007,183
Mauritania,2008,437
Mauritania,2010,565
Mauritania,2011,805
Mauritania,2012,2189
Mauritania,2013,3956
Mauritania,2014,5401
Mauritania,2015,5048
Mauritania,2016,6383
Mauritania,2017,5467
Mauritania,2018,6222
Mauritius,1990,17
Mauritius,1991,18
Mauritius,1992,22
Mauritius,1993,3
Mauritius,1994,23
Mauritius,1995,41
Mauritius,1996,12
Mauritius,1997,47
Mauritius,1998,8
Mauritius,1999,39
Mauritius,2000,68
Mauritius,2001,30
Mauritius,2002,66
Mauritius,2003,40
Mauritius,2004,26
Mauritius,2005,13
Mauritius,2006,31
Mauritius,2007,14
Mauritius,2008,7
Mauritius,2009,8
Mauritius,2010,10
Mauritius,2011,11
Mauritius,2012,6
Mauritius,2013,25
Mauritius,2015,6
Mauritius,2016,7
Mauritius,2017,3
Mauritius,2018,6
Mexico,1986,50
Mexico,1987,259
Mexico,1989,7626
Mexico,1990,4223
Mexico,1991,11862
Mexico,1992,13969
Mexico,1993,9836
Mexico,1994,11789
Mexico,1995,7661
Mexico,1997,12401
Mexico,1998,13075
Mexico,1999,7852
Mexico,2000,10889
Mexico,2001,10199
Mexico,2002,11280
Mexico,2003,26561
Mexico,2004,6405
Mexico,2005,9132
Mexico,2006,17923
Mexico,2007,12045
Mexico,2008,7775
Mexico,2009,11042
Mexico,2010,10502
Mexico,2011,14430
Mexico,2012,30636
Mexico,2013,85608
Mexico,2014,69013
Mexico,2015,62851
Mexico,2016,68894
Mexico,2017,63039
Mexico,2018,50693
Mongolia,1997,20
Mongolia,1998,37
Mongolia,1999,101
Mongolia,2000,808
Mongolia,2001,1259
Mongolia,2002,1363
Mongolia,2003,2079
Mongolia,2004,1290
Mongolia,2005,935
Mongolia,2006,1411
Mongolia,2007,2492
Mongolia,2014,5616
Mongolia,2015,4331
Mongolia,2016,5387
Mongolia,2017,7692
Mongolia,2018,9449
Montenegro,2006,437
Montenegro,2007,63
Montenegro,2008,623
Montenegro,2009,893
Montenegro,2010,1118
Montenegro,2011,1737
Montenegro,2012,2024
Montenegro,2013,2871
Montenegro,2014,2965
Montenegro,2015,2484
Montenegro,2016,2110
Montenegro,2017,2306
Montenegro,2018,2047
Montserrat,1999,23
Montserrat,2000,21
Montserrat,2001,19
Montserrat,2002,15
Montserrat,2003,13
Montserrat,2004,16
Montserrat,2005,21
Montserrat,2008,10
Montserrat,2009,6
Montserrat,2013,3
Montserrat,2014,0
Montserrat,2015,1
Morocco,1986,0
Morocco,1987,0
Morocco,1988,1
Morocco,1989,5
Morocco,1991,2
Morocco,1992,6
Morocco,1993,14
Morocco,1994,289
Morocco,1995,536
Morocco,1996,55
Morocco,1997,392
Morocco,1998,159
Morocco,1999,647
Morocco,2000,764
Morocco,2001,932
Morocco,2002,65
Morocco,2003,103
Morocco,2004,55
Morocco,2005,66
Morocco,2006,67
Morocco,2007,73
Morocco,2008,55
Morocco,2009,161
Morocco,2010,142
Morocco,2012,57
Morocco,2013,72
Morocco,2014,71
Morocco,2015,90
Morocco,2016,1323
Morocco,2017,342
Morocco,2018,608
Namibia,1997,732
Namibia,1998,1002
Namibia,1999,851
Namibia,2000,1440
Namibia,2001,746
Namibia,2002,830
Namibia,2003,504
Namibia,2012,1789
Namibia,2013,734
Namibia,2014,949
Namibia,2015,754
Namibia,2016,262
Namibia,2017,233
Namibia,2018,105
Nepal,1999,1003
Nepal,2003,92
Nepal,2009,0
Nepal,2010,62
Nepal,2011,5
Nepal,2012,0
Nepal,2013,1
Nepal,2014,0
Nepal,2015,1
Nepal,2016,2
Nepal,2017,4
Nepal,2018,33
Netherlands,1986,10008
Netherlands,1987,8971
Netherlands,1988,11579
Netherlands,1989,18788
Netherlands,1990,16996
Netherlands,1991,35978
Netherlands,1992,36670
Netherlands,1993,46269
Netherlands,1994,60542
Netherlands,1995,64028
Netherlands,1996,60162
Netherlands,1997,55138
Netherlands,1998,52335
Netherlands,1999,81930
Netherlands,2000,59868
Netherlands,2001,52236
Netherlands,2002,67883
Netherlands,2003,107028
Netherlands,2004,92150
Netherlands,2005,97649
Netherlands,2006,121977
Netherlands,2007,190478
Netherlands,2008,234116
Netherlands,2009,135403
Netherlands,2010,186577
Netherlands,2011,172026
Netherlands,2012,173916
Netherlands,2013,230989
Netherlands,2014,279750
Netherlands,2015,217233
Netherlands,2016,209629
Netherlands,2017,254730
Netherlands,2018,275387
Netherlands Antilles (former),1986,40
New Caledonia,2001,42
New Caledonia,2002,88
New Caledonia,2003,51
New Caledonia,2004,55
New Caledonia,2005,44
New Caledonia,2006,55
New Caledonia,2007,79
New Caledonia,2009,284
New Caledonia,2010,206
New Caledonia,2011,401
New Caledonia,2012,498
New Caledonia,2013,400
New Caledonia,2014,15
New Caledonia,2015,97
New Caledonia,2016,773
New Caledonia,2017,458
New Caledonia,2018,465
New Zealand,1986,5
New Zealand,1987,8
New Zealand,1988,7
New Zealand,1989,9
New Zealand,1990,17
New Zealand,1991,16
New Zealand,1992,11
New Zealand,1993,16
New Zealand,1994,16
New Zealand,1995,18
New Zealand,1996,42
New Zealand,1997,43
New Zealand,1998,43
New Zealand,1999,46
New Zealand,2000,79
New Zealand,2001,116
New Zealand,2002,77
New Zealand,2003,72
New Zealand,2004,92
New Zealand,2005,97
New Zealand,2006,163
New Zealand,2007,306
New Zealand,2008,168
New Zealand,2009,186
New Zealand,2010,229
New Zealand,2011,260
New Zealand,2012,295
New Zealand,2013,267
New Zealand,2014,345
New Zealand,2015,475
New Zealand,2016,536
New Zealand,2017,448
New Zealand,2018,671
Nicaragua,1991,386
Nicaragua,1992,656
Nicaragua,1993,1116
Nicaragua,1994,1114
Nicaragua,1995,1244
Nicaragua,1996,1138
Nicaragua,1997,1544
Nicaragua,1998,2381
Nicaragua,1999,1837
Nicaragua,2000,1733
Nicaragua,2001,2467
Nicaragua,2002,2196
Nicaragua,2003,2191
Nicaragua,2004,2401
Nicaragua,2005,2529
Nicaragua,2006,2586
Nicaragua,2007,2607
Nicaragua,2008,3070
Nicaragua,2009,3197
Nicaragua,2010,3694
Nicaragua,2011,4064
Nicaragua,2012,4306
Nicaragua,2013,4259
Nicaragua,2014,4490
Nicaragua,2015,4634
Nicaragua,2016,4425
Nicaragua,2017,4366
Nicaragua,2018,4093
Niger,1994,9
Niger,1995,45
Niger,1996,68
Niger,1997,151
Niger,1998,92
Niger,1999,114
Niger,2000,64
Niger,2001,74
Niger,2002,201
Niger,2003,241
Niger,2004,180
Niger,2005,79
Niger,2006,7
Niger,2007,1
Niger,2008,25
Niger,2010,117
Niger,2011,73
Niger,2012,495
Niger,2013,739
Niger,2014,1087
Niger,2015,992
Niger,2016,821
Niger,2017,0
Niger,2018,2
Nigeria,1986,0
Nigeria,2000,11
Nigeria,2002,76
Nigeria,2008,1
Nigeria,2010,94
Nigeria,2014,867
Nigeria,2015,741
Nigeria,2016,611
Nigeria,2017,857
Nigeria,2018,1311
North Macedonia,1999,5
North Macedonia,2000,30
North Macedonia,2001,26
North Macedonia,2002,48
North Macedonia,2003,174
North Macedonia,2004,143
North Macedonia,2005,240
North Macedonia,2006,160
North Macedonia,2008,315
North Macedonia,2009,337
North Macedonia,2010,329
North Macedonia,2011,340
North Macedonia,2012,335
North Macedonia,2013,409
North Macedonia,2014,447
North Macedonia,2015,903
North Macedonia,2016,1160
North Macedonia,2017,1234
North Macedonia,2018,2273
Norway,1986,1143
Norway,1987,1801
Norway,1988,502
Norway,1989,336
Norway,1990,761
Norway,1991,574
Norway,1992,440
Norway,1993,321
Norway,1994,190
Norway,1995,915
Norway,1996,1680
Norway,1997,1586
Norway,1998,1510
Norway,1999,831
Norway,2000,435
Norway,2001,637
Norway,2002,638
Norway,2003,543
Norway,2004,193
Norway,2005,826
Norway,2006,2319
Norway,2007,2636
Norway,2008,1644
Norway,2009,634
Norway,2010,259
Norway,2011,1720
Norway,2012,1455
Norway,2013,477
Norway,2014,546
Norway,2015,392
Norway,2016,905
Norway,2017,660
Norway,2018,554
Oman,1986,10509
Oman,1987,9419
Oman,1988,8651
Oman,1989,8477
Oman,1990,5600
Oman,1991,6634
Oman,1992,6903
Oman,1993,8000
Oman,1994,9193
Oman,1995,9067
Oman,1996,7967
Oman,1997,10038
Oman,2001,11661
Oman,2002,13005
Oman,2003,12333
Oman,2004,13844
Oman,2005,13942
Oman,2006,13457
Oman,2007,19750
Oman,2008,16332
Oman,2009,16349
Oman,2010,17562
Oman,2011,19313
Oman,2012,22227
Oman,2013,22241
Oman,2014,24222
Oman,2015,25222
Oman,2016,25756
Oman,2017,27196
Oman,2018,29256
Pakistan,1989,0
Pakistan,1990,21
Pakistan,1991,975
Pakistan,1992,588
Pakistan,1993,352
Pakistan,1994,214
Pakistan,1995,20
Pakistan,1996,4
Pakistan,1997,12
Pakistan,1998,97
Pakistan,1999,99
Pakistan,2000,75
Pakistan,2001,88
Pakistan,2002,87
Pakistan,2003,172
Pakistan,2004,109
Pakistan,2005,191
Pakistan,2006,905
Pakistan,2007,185
Pakistan,2008,361
Pakistan,2009,171
Pakistan,2010,1506
Pakistan,2011,810
Pakistan,2012,784
Pakistan,2013,588
Pakistan,2014,629
Pakistan,2015,499
Pakistan,2016,350
Pakistan,2017,620
Pakistan,2018,1489
Panama,1986,145
Panama,1987,407
Panama,1988,132
Panama,1989,211
Panama,1990,290
Panama,1991,189
Panama,1992,736
Panama,1993,254
Panama,1994,55
Panama,1996,38
Panama,1997,298
Panama,1998,40
Panama,1999,79
Panama,2000,247
Panama,2001,339
Panama,2002,269
Panama,2003,476
Panama,2004,154
Panama,2005,202
Panama,2006,151
Panama,2007,43
Panama,2008,40
Panama,2009,159
Panama,2011,110
Panama,2012,167
Panama,2013,167
Panama,2014,297
Panama,2015,169
Panama,2016,317
Panama,2017,306
Panama,2018,420
Papua New Guinea,1986,98
Papua New Guinea,1987,38
Papua New Guinea,1988,29
Papua New Guinea,1989,17
Papua New Guinea,1990,17
Papua New Guinea,1996,14
Papua New Guinea,2000,1
Papua New Guinea,2001,10
Papua New Guinea,2014,588
Papua New Guinea,2015,760
Papua New Guinea,2016,242
Papua New Guinea,2017,255
Papua New Guinea,2018,53
Paraguay,1994,10
Paraguay,1996,23
Paraguay,1997,7
Paraguay,1998,2
Paraguay,2000,224
Paraguay,2001,269
Paraguay,2002,392
Paraguay,2004,4
Paraguay,2005,45
Paraguay,2006,6
Paraguay,2007,590
Paraguay,2008,1165
Paraguay,2009,805
Paraguay,2010,1100
Paraguay,2011,1303
Paraguay,2012,1139
Paraguay,2013,1102
Paraguay,2014,2102
Paraguay,2015,2269
Paraguay,2016,2357
Paraguay,2017,2331
Paraguay,2018,2456
Peru,1986,1384
Peru,1987,946
Peru,1988,84
Peru,1989,90
Peru,1990,155
Peru,1991,1070
Peru,1992,191
Peru,1993,484
Peru,1994,1312
Peru,1995,1814
Peru,1996,1479
Peru,1997,1039
Peru,1998,1141
Peru,1999,1304
Peru,2000,579
Peru,2001,542
Peru,2002,575
Peru,2003,534
Peru,2004,277
Peru,2005,684
Peru,2006,292
Peru,2007,192
Peru,2008,158
Peru,2009,806
Peru,2010,193
Peru,2011,42
Peru,2012,46
Peru,2013,66
Peru,2014,62
Peru,2015,66
Peru,2016,59
Peru,2017,40
Peru,2018,275
Philippines,1986,20
Philippines,1987,922
Philippines,1988,528
Philippines,1989,317
Philippines,1990,214
Philippines,1991,367
Philippines,1992,498
Philippines,1993,542
Philippines,1994,575
Philippines,1995,590
Philippines,1996,725
Philippines,1997,783
Philippines,1998,519
Philippines,1999,846
Philippines,2000,955
Philippines,2001,1138
Philippines,2002,1414
Philippines,2004,877
Philippines,2005,970
Philippines,2006,724
Philippines,2007,1089
Philippines,2008,1178
Philippines,2009,2250
Philippines,2010,59598
Philippines,2011,1235
Philippines,2012,1226
Philippines,2013,863
Philippines,2014,903
Philippines,2015,670
Philippines,2016,974
Philippines,2017,1352
Philippines,2018,1415
Poland,1992,0
Poland,1993,53288
Poland,1994,14468
Poland,1995,1862
Poland,1996,9297
Poland,2000,1794
Poland,2001,1648
Poland,2002,1264
Poland,2003,1154
Poland,2004,5203
Poland,2005,13173
Poland,2006,13508
Poland,2007,13803
Poland,2008,22411
Poland,2009,31647
Poland,2010,26775
Poland,2011,31277
Poland,2012,20379
Poland,2013,26603
Poland,2014,28990
Poland,2015,21989
Poland,2016,26192
Poland,2017,23290
Poland,2018,22778
Portugal,1986,167
Portugal,1987,110
Portugal,1988,104
Portugal,1989,984
Portugal,1990,1002
Portugal,1991,320
Portugal,1992,485
Portugal,1993,1195
Portugal,1994,2376
Portugal,1995,1769
Portugal,1996,4485
Portugal,1997,4472
Portugal,1998,4603
Portugal,1999,5076
Portugal,2000,6146
Portugal,2001,8619
Portugal,2002,7318
Portugal,2003,5976
Portugal,2004,6567
Portugal,2005,8279
Portugal,2006,9569
Portugal,2007,14975
Portugal,2008,11887
Portugal,2009,13328
Portugal,2010,13480
Portugal,2011,15424
Portugal,2012,16945
Portugal,2013,15565
Portugal,2014,15099
Portugal,2015,18001
Portugal,2016,15797
Portugal,2017,17216
Portugal,2018,19599
Qatar,1991,2618
Qatar,1992,2369
Qatar,2000,5638
Qatar,2001,6051
Qatar,2002,6113
Qatar,2003,6850
Qatar,2004,5485
Qatar,2005,8585
Qatar,2006,9970
Qatar,2007,10136
Qatar,2008,16113
Qatar,2010,19403
Qatar,2013,23971
Qatar,2014,28271
Qatar,2015,34550
Qatar,2016,32974
Qatar,2017,36799
Qatar,2018,36007
Republic of Korea,1986,0
Republic of Korea,1987,0
Republic of Korea,1988,0
Republic of Korea,1989,419
Republic of Korea,1990,1451
Republic of Korea,1991,1447
Republic of Korea,1992,1356
Republic of Korea,1993,936
Republic of Korea,1994,1552
Republic of Korea,1995,1420
Republic of Korea,1996,2082
Republic of Korea,1998,1168
Republic of Korea,1999,1273
Republic of Korea,2000,1372
Republic of Korea,2001,1782
Republic of Korea,2002,1827
Republic of Korea,2003,1834
Republic of Korea,2004,2175
Republic of Korea,2005,3061
Republic of Korea,2006,2677
Republic of Korea,2007,2453
Republic of Korea,2008,1539
Republic of Korea,2009,1309
Republic of Korea,2010,1716
Republic of Korea,2011,2309
Republic of Korea,2012,2648
Republic of Korea,2013,2223
Republic of Korea,2014,1983
Republic of Korea,2015,1386
Republic of Korea,2016,1411
Republic of Korea,2017,14864
Republic of Korea,2018,3227
Republic of Moldova,1994,40
Republic of Moldova,1995,136
Republic of Moldova,1996,204
Republic of Moldova,1997,233
Republic of Moldova,1999,87
Republic of Moldova,2000,51
Republic of Moldova,2001,180
Republic of Moldova,2002,95
Republic of Moldova,2003,94
Republic of Moldova,2004,157
Republic of Moldova,2005,169
Republic of Moldova,2006,196
Republic of Moldova,2007,69
Republic of Moldova,2008,304
Republic of Moldova,2009,488
Republic of Moldova,2010,142
Republic of Moldova,2011,525
Republic of Moldova,2012,1202
Republic of Moldova,2013,901
Republic of Moldova,2014,749
Republic of Moldova,2015,23
Republic of Moldova,2016,24
Republic of Moldova,2017,23
Republic of Moldova,2018,32
Romania,1990,9327
Romania,1991,3
Romania,1992,432
Romania,1993,232
Romania,1994,5146
Romania,1995,3328
Romania,1996,703
Romania,1998,20086
Romania,1999,5328
Romania,2000,5046
Romania,2001,15026
Romania,2002,3207
Romania,2003,1397
Romania,2004,5641
Romania,2005,6519
Romania,2006,8023
Romania,2007,10619
Romania,2008,19385
Romania,2009,19426
Romania,2010,18099
Romania,2011,20851
Romania,2012,11115
Romania,2013,13330
Romania,2014,13166
Romania,2015,16854
Romania,2016,18214
Romania,2017,16534
Romania,2018,14141
Russian Federation,1998,10783
Russian Federation,1999,2576
Russian Federation,2000,1837
Russian Federation,2001,3722
Russian Federation,2002,3984
Russian Federation,2003,4225
Russian Federation,2004,5243
Russian Federation,2005,9355
Russian Federation,2006,11726
Russian Federation,2007,12984
Russian Federation,2008,12608
Russian Federation,2009,13533
Russian Federation,2010,18350
Russian Federation,2011,23353
Russian Federation,2012,62064
Russian Federation,2013,67985
Russian Federation,2014,93390
Russian Federation,2015,97702
Russian Federation,2016,94660
Russian Federation,2017,85123
Russian Federation,2018,88958
Rwanda,1996,23
Rwanda,1997,0
Rwanda,1999,1
Rwanda,2003,5
Rwanda,2005,1
Rwanda,2007,0
Rwanda,2009,217
Rwanda,2010,825
Rwanda,2011,1169
Rwanda,2012,745
Rwanda,2014,1117
Rwanda,2015,92
Rwanda,2016,316
Rwanda,2017,81
Rwanda,2018,96
Réunion,1986,72
Réunion,1987,96
Réunion,1988,14
Réunion,1989,81
Réunion,1991,101
Réunion,1992,85
Réunion,1993,37
Réunion,1994,80
Réunion,1995,36
Saint Kitts and Nevis,2000,22
Saint Kitts and Nevis,2001,24
Saint Kitts and Nevis,2002,20
Saint Kitts and Nevis,2003,45
Saint Kitts and Nevis,2004,55
Saint Kitts and Nevis,2005,36
Saint Kitts and Nevis,2006,29
Saint Kitts and Nevis,2007,17
Saint Kitts and Nevis,2014,9
Saint Kitts and Nevis,2015,21
Saint Kitts and Nevis,2016,58
Saint Kitts and Nevis,2017,60
Saint Kitts and Nevis,2018,27
Saint Lucia,1997,8
Saint Lucia,1998,9
Saint Lucia,1999,13
Saint Lucia,2000,19
Saint Lucia,2001,3
Saint Lucia,2002,7
Saint Lucia,2003,34
Saint Lucia,2004,51
Saint Lucia,2005,18
Saint Lucia,2006,14
Saint Lucia,2007,9
Saint Lucia,2008,8
Saint Lucia,2014,97
Saint Lucia,2015,87
Saint Lucia,2016,124
Saint Lucia,2017,97
Saint Lucia,2018,97
Saint Vincent and the Grenadines,2002,0
Saint Vincent and the Grenadines,2003,10
Saint Vincent and the Grenadines,2004,13
Saint Vincent and the Grenadines,2005,15
Saint Vincent and the Grenadines,2006,20
Saint Vincent and the Grenadines,2007,49
Saint Vincent and the Grenadines,2008,12
Saint Vincent and the Grenadines,2009,11
Saint Vincent and the Grenadines,2010,26
Saint Vincent and the Grenadines,2014,7
Saint Vincent and the Grenadines,2015,43
Saint Vincent and the Grenadines,2016,21
Saint Vincent and the Grenadines,2017,18
Saint Vincent and the Grenadines,2018,25
Sao Tome and Principe,2003,11
Sao Tome and Principe,2009,1
Sao Tome and Principe,2012,0
Sao Tome and Principe,2013,0
Sao Tome and Principe,2014,0
Sao Tome and Principe,2016,2
Sao Tome and Principe,2017,0
Sao Tome and Principe,2018,0
Saudi Arabia,1986,1247
Saudi Arabia,1987,3177
Saudi Arabia,1988,1937
Saudi Arabia,1989,1781
Saudi Arabia,1998,3857
Saudi Arabia,2000,5231
Saudi Arabia,2001,5100
Saudi Arabia,2002,6803
Saudi Arabia,2003,9780
Saudi Arabia,2004,6170
Saudi Arabia,2005,4652
Saudi Arabia,2006,4143
Saudi Arabia,2007,4562
Saudi Arabia,2010,3518
Saudi Arabia,2011,5980
Saudi Arabia,2012,7888
Saudi Arabia,2013,13048
Saudi Arabia,2014,8489
Saudi Arabia,2015,20921
Saudi Arabia,2016,19959
Saudi Arabia,2017,12898
Saudi Arabia,2018,41082
Senegal,1986,21
Senegal,1987,3
Senegal,1988,10
Senegal,1989,99
Senegal,1990,33
Senegal,1991,1
Senegal,1992,6
Senegal,1993,2
Senegal,1997,1
Senegal,1998,13
Senegal,1999,14
Senegal,2000,158
Senegal,2001,324
Senegal,2002,451
Senegal,2003,307
Senegal,2004,447
Senegal,2005,621
Senegal,2006,637
Senegal,2007,1008
Senegal,2008,964
Senegal,2009,1112
Senegal,2010,1076
Senegal,2011,1213
Senegal,2012,996
Senegal,2013,1008
Senegal,2014,1105
Senegal,2015,1578
Senegal,2016,2594
Senegal,2017,3139
Senegal,2018,3724
Serbia,2006,213
Serbia,2007,370
Serbia,2008,958
Serbia,2009,1163
Serbia,2010,829
Serbia,2011,781
Serbia,2012,794
Serbia,2013,1118
Serbia,2014,1500
Serbia,2015,1060
Serbia,2016,1432
Serbia,2017,2439
Serbia,2018,1721
Serbia and Montenegro,1992,451
Serbia and Montenegro,1996,3402
Serbia and Montenegro,1997,3422
Serbia and Montenegro,2000,1173
Serbia and Montenegro,2001,756
Serbia and Montenegro,2002,560
Serbia and Montenegro,2004,540
Seychelles,1990,43
Seychelles,1991,67
Seychelles,1992,51
Seychelles,1994,83
Seychelles,1995,94
Seychelles,1996,79
Seychelles,2000,82
Seychelles,2001,74
Seychelles,2002,89
Seychelles,2003,91
Seychelles,2005,92
Seychelles,2006,116
Seychelles,2007,112
Seychelles,2014,36
Seychelles,2015,21
Seychelles,2016,20
Seychelles,2017,50
Seychelles,2018,35
Sierra Leone,2002,1195
Sierra Leone,2014,3844
Sierra Leone,2015,6123
Sierra Leone,2016,5648
Sierra Leone,2017,6101
Sierra Leone,2018,4969
Singapore,1986,13286
Singapore,1987,16253
Singapore,1988,25243
Singapore,1989,25774
Singapore,1990,35337
Singapore,1991,31053
Singapore,1992,27970
Singapore,1993,42674
Singapore,1994,38177
Singapore,1995,37468
Singapore,1996,36007
Singapore,1997,39335
Singapore,1998,40719
Singapore,1999,42913
Singapore,2000,41646
Singapore,2001,39231
Singapore,2002,27612
Singapore,2003,46920
Singapore,2004,48512
Singapore,2005,55318
Singapore,2006,58703
Singapore,2007,62970
Singapore,2008,69613
Singapore,2009,72730
Singapore,2010,76402
Singapore,2011,76355
Singapore,2012,124897
Singapore,2013,78892
Singapore,2014,86467
Singapore,2015,75812
Singapore,2016,96917
Singapore,2017,96599
Singapore,2018,107524
Slovakia,1994,1131
Slovakia,1997,729
Slovakia,1998,685
Slovakia,1999,1139
Slovakia,2000,1414
Slovakia,2001,972
Slovakia,2002,851
Slovakia,2003,745
Slovakia,2004,2314
Slovakia,2005,8463
Slovakia,2006,8027
Slovakia,2007,9381
Slovakia,2008,18692
Slovakia,2009,19036
Slovakia,2010,11341
Slovakia,2011,11312
Slovakia,2012,9685
Slovakia,2013,12150
Slovakia,2014,7327
Slovakia,2015,7706
Slovakia,2016,7108
Slovakia,2017,9190
Slovakia,2018,8756
Slovenia,1992,889
Slovenia,1993,384
Slovenia,1994,500
Slovenia,1995,279
Slovenia,1996,407
Slovenia,1997,395
Slovenia,1998,445
Slovenia,2000,1414
Slovenia,2001,492
Slovenia,2002,652
Slovenia,2003,436
Slovenia,2004,557
Slovenia,2005,1491
Slovenia,2006,1441
Slovenia,2007,1994
Slovenia,2008,2412
Slovenia,2009,2913
Slovenia,2010,3002
Slovenia,2011,2497
Slovenia,2012,2742
Slovenia,2013,2854
Slovenia,2014,2961
Slovenia,2015,2909
Slovenia,2016,3100
Slovenia,2017,3324
Slovenia,2018,2611
Solomon Islands,1986,29
Solomon Islands,1987,19
Solomon Islands,2002,131
Solomon Islands,2003,39
Solomon Islands,2004,13
Solomon Islands,2005,42
Solomon Islands,2006,61
Solomon Islands,2007,127
Solomon Islands,2011,229
Solomon Islands,2012,187
Solomon Islands,2013,120
Solomon Islands,2014,36
Solomon Islands,2015,56
Solomon Islands,2016,40
Solomon Islands,2017,79
Solomon Islands,2018,85
South Africa,1992,28
South Africa,1994,84
South Africa,1995,0
South Africa,1996,0
South Africa,1997,21
South Africa,1998,32
South Africa,1999,15
South Africa,2000,17
South Africa,2001,48
South Africa,2002,56
South Africa,2003,564
South Africa,2004,808
South Africa,2005,902
South Africa,2006,869
South Africa,2007,837
South Africa,2008,501
South Africa,2009,66
South Africa,2010,47
South Africa,2011,108
South Africa,2012,124
South Africa,2013,201
South Africa,2014,273
South Africa,2015,118
South Africa,2016,85
South Africa,2017,360
South Africa,2018,1416
Spain,1986,1585
Spain,1987,6050
Spain,1988,9586
Spain,1989,29947
Spain,1990,23723
Spain,1991,18013
Spain,1992,16624
Spain,1993,31514
Spain,1994,13177
Spain,1995,9747
Spain,1996,8294
Spain,1997,6193
Spain,1998,7853
Spain,1999,4703
Spain,2000,6662
Spain,2001,11096
Spain,2002,10860
Spain,2003,14599
Spain,2004,15312
Spain,2005,13480
Spain,2006,14467
Spain,2007,14820
Spain,2008,15032
Spain,2009,20834
Spain,2010,23526
Spain,2011,31173
Spain,2012,30906
Spain,2013,30835
Spain,2014,29414
Spain,2015,30168
Spain,2016,36369
Spain,2017,36851
Spain,2018,46277
Sri Lanka,1986,0
Sri Lanka,1988,0
Sri Lanka,1989,14
Sri Lanka,1990,0
Sri Lanka,1991,55
Sri Lanka,1992,2
Sri Lanka,1993,5
Sri Lanka,1995,0
Sri Lanka,1996,0
Sri Lanka,1997,2
Sri Lanka,1998,5
Sri Lanka,1999,9
Sri Lanka,2000,0
Sri Lanka,2001,2
Sri Lanka,2002,3
Sri Lanka,2003,7
Sri Lanka,2004,55
Sri Lanka,2005,95
Sri Lanka,2008,222
Sri Lanka,2009,143
Sri Lanka,2010,162
Sri Lanka,2011,557
Sri Lanka,2012,81
Sri Lanka,2013,96
Sri Lanka,2014,91
Sri Lanka,2015,98
Sri Lanka,2016,113
Sri Lanka,2017,123
Sri Lanka,2018,280
Sudan (former),1997,120
Sudan (former),1998,114
Sudan (former),1999,121
Sudan (former),2000,244
Sudan (former),2001,194
Sudan (former),2002,451
Sudan (former),2008,727
Suriname,1988,647
Suriname,1989,668
Suriname,1990,706
Suriname,1991,420
Suriname,2010,302
Suriname,2011,325
Suriname,2014,287
Suriname,2015,290
Suriname,2016,636
Suriname,2017,284
Suriname,2018,292
Sweden,1986,3016
Sweden,1987,3234
Sweden,1988,2415
Sweden,1989,1512
Sweden,1990,4514
Sweden,1991,6652
Sweden,1992,5256
Sweden,1993,6751
Sweden,1994,9271
Sweden,1995,4866
Sweden,1996,8080
Sweden,1997,6823
Sweden,1998,9615
Sweden,1999,9441
Sweden,2000,10476
Sweden,2001,8604
Sweden,2002,8059
Sweden,2003,9616
Sweden,2004,8631
Sweden,2005,7976
Sweden,2006,10201
Sweden,2007,14194
Sweden,2008,12810
Sweden,2009,13600
Sweden,2010,15291
Sweden,2011,13179
Sweden,2012,14817
Sweden,2013,12272
Sweden,2014,15338
Sweden,2015,13601
Sweden,2016,14389
Sweden,2017,13605
Sweden,2018,15735
Switzerland,1986,26103
Switzerland,1987,28623
Switzerland,1988,27537
Switzerland,1989,25869
Switzerland,1990,27717
Switzerland,1991,40439
Switzerland,1992,40590
Switzerland,1993,35329
Switzerland,1994,37887
Switzerland,1995,35266
Switzerland,1996,35292
Switzerland,1997,33294
Switzerland,1998,33648
Switzerland,1999,34801
Switzerland,2000,34253
Switzerland,2001,36385
Switzerland,2002,36248
Switzerland,2003,35314
Switzerland,2004,37186
Switzerland,2005,37733
Switzerland,2006,37047
Switzerland,2007,40109
Switzerland,2008,41801
Switzerland,2009,41190
Switzerland,2010,41440
Switzerland,2011,38905
Switzerland,2012,39197
Switzerland,2013,39679
Switzerland,2014,39121
Switzerland,2015,37058
Switzerland,2016,36094
Switzerland,2017,36298
Switzerland,2018,35862
Syrian Arab Republic,1988,6
Syrian Arab Republic,1992,22
Syrian Arab Republic,2002,110
Syrian Arab Republic,2004,23
Syrian Arab Republic,2006,7
Syrian Arab Republic,2007,381
Syrian Arab Republic,2008,30
Syrian Arab Republic,2009,13
Syrian Arab Republic,2010,88
Syrian Arab Republic,2014,27375
Syrian Arab Republic,2015,25344
Syrian Arab Republic,2016,17470
Syrian Arab Republic,2017,46
Syrian Arab Republic,2018,188
Thailand,1986,31
Thailand,1987,159
Thailand,1988,92
Thailand,1989,163
Thailand,1990,125
Thailand,1991,230
Thailand,1992,141
Thailand,1993,153
Thailand,1994,136
Thailand,1995,295
Thailand,1996,262
Thailand,1997,214
Thailand,1998,469
Thailand,1999,550
Thailand,2000,377
Thailand,2001,409
Thailand,2002,435
Thailand,2003,257
Thailand,2004,401
Thailand,2005,474
Thailand,2006,667
Thailand,2007,581
Thailand,2008,494
Thailand,2009,447
Thailand,2010,375
Thailand,2011,754
Thailand,2012,802
Thailand,2013,1083
Thailand,2014,1090
Thailand,2015,1556
Thailand,2016,1329
Thailand,2017,1999
Thailand,2018,2160
Togo,1994,27
Togo,1995,0
Togo,1996,2
Togo,1997,33
Togo,1998,87
Togo,1999,138
Togo,2000,84
Togo,2001,104
Togo,2002,135
Togo,2004,0
Togo,2005,34
Togo,2007,19
Togo,2008,13
Togo,2009,6
Togo,2010,5
Togo,2011,51
Togo,2014,0
Togo,2015,1
Togo,2016,15
Togo,2017,31
Togo,2018,16
Tonga,1986,6
Tonga,1987,3
Tonga,1988,3
Tonga,1989,12
Tonga,2000,5
Tonga,2001,0
Tonga,2002,1
Tonga,2003,1
Tonga,2004,14
Tonga,2005,24
Tonga,2006,3
Tonga,2007,13
Tonga,2010,33
Tonga,2012,45
Tonga,2013,100
Tonga,2014,20
Tonga,2015,157
Tonga,2016,118
Tonga,2017,233
Tonga,2018,301
Trinidad and Tobago,1986,1843
Trinidad and Tobago,1987,1912
Trinidad and Tobago,1988,721
Trinidad and Tobago,1989,386
Trinidad and Tobago,1990,715
Trinidad and Tobago,1991,467
Trinidad and Tobago,1992,474
Trinidad and Tobago,1993,561
Trinidad and Tobago,1994,559
Trinidad and Tobago,1995,962
Trinidad and Tobago,1996,1400
Trinidad and Tobago,1997,1826
Trinidad and Tobago,1998,3708
Trinidad and Tobago,1999,2473
Trinidad and Tobago,2000,2945
Trinidad and Tobago,2001,2806
Trinidad and Tobago,2002,1792
Trinidad and Tobago,2003,3761
Trinidad and Tobago,2004,2980
Trinidad and Tobago,2005,3381
Trinidad and Tobago,2006,3418
Trinidad and Tobago,2007,3454
Trinidad and Tobago,2009,3428
Trinidad and Tobago,2010,2980
Trinidad and Tobago,2014,5994
Trinidad and Tobago,2015,4812
Trinidad and Tobago,2016,7502
Trinidad and Tobago,2017,5451
Trinidad and Tobago,2018,4240
Tunisia,1987,165
Tunisia,1988,105
Tunisia,1989,116
Tunisia,1990,48
Tunisia,1991,352
Tunisia,1992,608
Tunisia,1993,3825
Tunisia,1994,2355
Tunisia,1995,871
Tunisia,1996,377
Tunisia,1997,503
Tunisia,1998,643
Tunisia,1999,275
Tunisia,2000,368
Tunisia,2001,914
Tunisia,2002,561
Tunisia,2003,502
Tunisia,2004,558
Tunisia,2005,525
Tunisia,2007,663
Tunisia,2008,175
Tunisia,2009,227
Tunisia,2010,856
Tunisia,2011,517
Tunisia,2012,1834
Tunisia,2013,932
Tunisia,2014,1407
Tunisia,2015,774
Tunisia,2016,654
Tunisia,2017,245
Tunisia,2018,158
Turkey,1986,3027
Turkey,1987,765
Turkey,1988,222
Turkey,1989,59
Turkey,1990,257
Turkey,1991,3342
Turkey,1992,939
Turkey,1993,686
Turkey,1994,283
Turkey,1995,2197
Turkey,1996,1780
Turkey,1997,515
Turkey,1998,559
Turkey,1999,993
Turkey,2000,1314
Turkey,2001,1397
Turkey,2002,2337
Turkey,2003,2247
Turkey,2004,2476
Turkey,2005,1402
Turkey,2006,730
Turkey,2007,885
Turkey,2008,811
Turkey,2009,846
Turkey,2010,1007
Turkey,2011,1107
Turkey,2012,1001
Turkey,2013,1764
Turkey,2014,2600
Turkey,2015,2379
Turkey,2016,2193
Turkey,2017,2426
Turkey,2018,3448
Tuvalu,2001,8
Tuvalu,2002,34
Tuvalu,2003,13
Tuvalu,2004,25
Tuvalu,2005,36
Tuvalu,2006,14
Tuvalu,2014,12
Tuvalu,2015,16
Tuvalu,2016,27
Tuvalu,2017,34
Tuvalu,2018,19
USSR,1986,22752
USSR,1987,11472
USSR,1988,9394
Uganda,1994,7
Uganda,1995,91
Uganda,1996,72
Uganda,1997,17
Uganda,1998,51
Uganda,1999,15
Uganda,2000,23
Uganda,2001,12
Uganda,2002,9
Uganda,2003,7
Uganda,2004,5
Uganda,2005,10
Uganda,2006,1
Uganda,2007,2
Uganda,2008,18
Uganda,2009,21
Uganda,2010,51
Uganda,2011,12
Uganda,2012,11
Uganda,2013,22
Uganda,2014,23
Uganda,2015,491
Uganda,2016,30
Uganda,2017,185
Uganda,2018,152
Ukraine,2002,3137
Ukraine,2003,3254
Ukraine,2004,3455
Ukraine,2005,4352
Ukraine,2006,4049
Ukraine,2007,2370
Ukraine,2008,5498
Ukraine,2009,5734
Ukraine,2010,3995
Ukraine,2011,3189
Ukraine,2012,3465
Ukraine,2013,4221
Ukraine,2014,7007
Ukraine,2015,10072
Ukraine,2016,4555
Ukraine,2017,5763
Ukraine,2018,3424
United Arab Emirates,2002,26523
United Arab Emirates,2003,28738
United Arab Emirates,2005,29402
United Arab Emirates,2007,33398
United Arab Emirates,2008,38416
United Arab Emirates,2014,68857
United Arab Emirates,2015,73777
United Arab Emirates,2016,79781
United Arab Emirates,2017,93646
United Arab Emirates,2018,92807
United Kingdom of Great Britain and Northern Ireland,1986,21246
United Kingdom of Great Britain and Northern Ireland,1987,14226
United Kingdom of Great Britain and Northern Ireland,1988,14984
United Kingdom of Great Britain and Northern Ireland,1989,24839
United Kingdom of Great Britain and Northern Ireland,1990,43892
United Kingdom of Great Britain and Northern Ireland,1991,29080
United Kingdom of Great Britain and Northern Ireland,1992,22148
United Kingdom of Great Britain and Northern Ireland,1993,15992
United Kingdom of Great Britain and Northern Ireland,1994,26248
United Kingdom of Great Britain and Northern Ireland,1995,19588
United Kingdom of Great Britain and Northern Ireland,1996,25736
United Kingdom of Great Britain and Northern Ireland,1997,21399
United Kingdom of Great Britain and Northern Ireland,1998,18989
United Kingdom of Great Britain and Northern Ireland,1999,22007
United Kingdom of Great Britain and Northern Ireland,2000,42244
United Kingdom of Great Britain and Northern Ireland,2001,51337
United Kingdom of Great Britain and Northern Ireland,2002,61435
United Kingdom of Great Britain and Northern Ireland,2003,63684
United Kingdom of Great Britain and Northern Ireland,2004,61218
United Kingdom of Great Britain and Northern Ireland,2005,60301
United Kingdom of Great Britain and Northern Ireland,2006,68765
United Kingdom of Great Britain and Northern Ireland,2007,86754
United Kingdom of Great Britain and Northern Ireland,2008,88458
United Kingdom of Great Britain and Northern Ireland,2009,84177
United Kingdom of Great Britain and Northern Ireland,2010,69404
United Kingdom of Great Britain and Northern Ireland,2011,62107
United Kingdom of Great Britain and Northern Ireland,2012,95913
United Kingdom of Great Britain and Northern Ireland,2013,91025
United Kingdom of Great Britain and Northern Ireland,2014,79115
United Kingdom of Great Britain and Northern Ireland,2015,85580
United Kingdom of Great Britain and Northern Ireland,2016,82900
United Kingdom of Great Britain and Northern Ireland,2017,71521
United Kingdom of Great Britain and Northern Ireland,2018,61206
United Republic of Tanzania,1995,190
United Republic of Tanzania,1996,721
United Republic of Tanzania,1997,959
United Republic of Tanzania,1998,567
United Republic of Tanzania,1999,441
United Republic of Tanzania,2000,597
United Republic of Tanzania,2001,588
United Republic of Tanzania,2002,597
United Republic of Tanzania,2003,318
United Republic of Tanzania,2004,156
United Republic of Tanzania,2005,147
United Republic of Tanzania,2006,137
United Republic of Tanzania,2007,358
United Republic of Tanzania,2008,124
United Republic of Tanzania,2009,374
United Republic of Tanzania,2010,488
United Republic of Tanzania,2011,1200
United Republic of Tanzania,2012,1296
United Republic of Tanzania,2013,1042
United Republic of Tanzania,2014,1700
United Republic of Tanzania,2015,172
United Republic of Tanzania,2016,272
United Republic of Tanzania,2017,51
United Republic of Tanzania,2018,68
United States of America,1986,10929
United States of America,1987,5302
United States of America,1988,4558
United States of America,1989,13950
United States of America,1990,8054
United States of America,1991,3280
United States of America,1992,3954
United States of America,1993,4297
United States of America,1994,3379
United States of America,1995,3385
United States of America,1996,4360
United States of America,1997,6040
United States of America,1998,4704
United States of America,1999,5563
United States of America,2000,5648
United States of America,2001,7009
United States of America,2002,8254
United States of America,2003,8461
United States of America,2004,6087
United States of America,2005,5692
United States of America,2006,5585
United States of America,2007,5088
United States of America,2008,6403
United States of America,2009,5309
United States of America,2010,7506
United States of America,2011,7878
United States of America,2012,9054
United States of America,2013,9555
United States of America,2014,19193
United States of America,2015,69836
United States of America,2016,30160
United States of America,2017,37269
United States of America,2018,11817
Uruguay,1986,38
Uruguay,1987,32
Uruguay,1988,36
Uruguay,1989,40
Uruguay,1990,47
Uruguay,1991,54
Uruguay,1992,89
Uruguay,1993,56
Uruguay,1994,74
Uruguay,1995,54
Uruguay,1996,114
Uruguay,1997,150
Uruguay,1998,153
Uruguay,1999,137
Uruguay,2000,158
Uruguay,2001,246
Uruguay,2002,159
Uruguay,2003,83
Uruguay,2004,67
Uruguay,2005,292
Uruguay,2006,318
Uruguay,2007,294
Uruguay,2008,226
Uruguay,2009,119
Uruguay,2010,201
Uruguay,2011,446
Uruguay,2012,377
Uruguay,2013,393
Uruguay,2014,445
Uruguay,2015,411
Uruguay,2016,412
Uruguay,2017,406
Uruguay,2018,439
Vanuatu,2006,12
Vanuatu,2007,55
Vanuatu,2008,28
Vanuatu,2009,36
Vanuatu,2010,78
Vanuatu,2011,17
Vanuatu,2014,194
Vanuatu,2015,249
Vanuatu,2016,224
Vanuatu,2017,201
Vanuatu,2018,162
Venezuela (Bolivarian Republic of),1986,14
Venezuela (Bolivarian Republic of),1987,335
Venezuela (Bolivarian Republic of),1988,262
Venezuela (Bolivarian Republic of),1989,11
Venezuela (Bolivarian Republic of),1990,1263
Venezuela (Bolivarian Republic of),1991,1201
Venezuela (Bolivarian Republic of),1992,2196
Venezuela (Bolivarian Republic of),1993,1372
Venezuela (Bolivarian Republic of),1994,777
Venezuela (Bolivarian Republic of),1995,2608
Venezuela (Bolivarian Republic of),1996,360
Venezuela (Bolivarian Republic of),1997,1482
Venezuela (Bolivarian Republic of),1998,2011
Venezuela (Bolivarian Republic of),1999,1855
Venezuela (Bolivarian Republic of),2000,4991
Venezuela (Bolivarian Republic of),2001,5399
Venezuela (Bolivarian Republic of),2002,2299
Venezuela (Bolivarian Republic of),2003,1704
Venezuela (Bolivarian Republic of),2004,3735
Venezuela (Bolivarian Republic of),2005,3797
Venezuela (Bolivarian Republic of),2006,4261
Venezuela (Bolivarian Republic of),2007,8669
Venezuela (Bolivarian Republic of),2008,18141
Venezuela (Bolivarian Republic of),2009,2798
Venezuela (Bolivarian Republic of),2010,1369
Venezuela (Bolivarian Republic of),2011,721
Venezuela (Bolivarian Republic of),2012,1304
Venezuela (Bolivarian Republic of),2013,2080
Venezuela (Bolivarian Republic of),2014,2324
Venezuela (Bolivarian Republic of),2015,471
Venezuela (Bolivarian Republic of),2016,592
Venezuela (Bolivarian Republic of),2017,3
Venezuela (Bolivarian Republic of),2018,9
Yemen,1998,8588
Yemen,2002,1044
Yemen,2003,156
Yemen,2004,268
Yemen,2005,27
Yemen,2006,223
Yemen,2007,1054
Yemen,2008,192
Yemen,2009,497
Yemen,2011,225
Yemen,2012,578
Yemen,2013,149
Yemen,2014,282
Yemen,2015,81
Yemen,2016,3435
Yemen,2017,86
Yemen,2018,1607
Yugoslav SFR,1986,147
Yugoslav SFR,1987,143
Yugoslav SFR,1988,104
Yugoslav SFR,1989,1177
Yugoslav SFR,1990,5078
Zambia,1995,1
Zambia,1997,336
Zambia,1999,59
Zambia,2000,66
Zambia,2001,79
Zambia,2002,5
Zambia,2003,2
Zambia,2004,51
Zambia,2005,135
Zambia,2006,223
Zambia,2007,6043
Zambia,2008,23
Zambia,2009,6
Zambia,2010,64
Zambia,2011,3
Zambia,2012,0
Zambia,2013,1
Zambia,2014,0
Zambia,2015,3
Zambia,2016,0
Zambia,2017,18
Zambia,2018,12
Zimbabwe,1990,0
Zimbabwe,1991,5
Zimbabwe,1992,1
Zimbabwe,1994,0
Zimbabwe,1996,1
Zimbabwe,1997,1
Zimbabwe,1998,4
Zimbabwe,1999,1
Zimbabwe,2000,4
Zimbabwe,2001,0
Zimbabwe,2002,1
Zimbabwe,2004,0
Zimbabwe,2005,8
Zimbabwe,2008,12
Zimbabwe,2009,3123
Zimbabwe,2010,2824
Zimbabwe,2011,520
Zimbabwe,2012,632
Zimbabwe,2013,1098
Zimbabwe,2014,1730
Zimbabwe,2015,2509
Zimbabwe,2016,1456
Zimbabwe,2017,1010
Zimbabwe,2018,1400
