Country,Year,USD/tonne
Albania,1998,1797.9
Albania,1999,1664.3
Albania,2000,1478.7
Albania,2001,1597.1
Albania,2002,1709.4
Albania,2003,2017.3
Albania,2004,2209.4
Albania,2005,2273.7
Albania,2006,2208.5
Albania,2007,2810.7
Albania,2008,3029.5
Albania,2009,2632.1
Albania,2010,2405.3
Albania,2011,2322.1
Albania,2012,2165.6
Albania,2013,1971.5
Albania,2014,3143.7
Albania,2015,3061.7
Albania,2016,2946.5
Albania,2017,3108.0
Albania,2018,3358.5
Algeria,1995,1594.5
Algeria,1996,1643.9
Algeria,1997,1871.5
Algeria,1998,1940.8
Algeria,1999,1997.8
Algeria,2000,1767.2
Algeria,2001,1165.6
Algeria,2002,1255.0
Algeria,2003,1524.6
Algeria,2004,1554.2
Algeria,2005,1364.7
Algeria,2006,1500.4
Algeria,2007,1521.1
Algeria,2008,2093.4
Algeria,2009,2263.0
Algeria,2010,1766.5
Algeria,2011,2160.7
Algeria,2012,2231.2
Algeria,2013,2194.8
Algeria,2014,2337.3
Algeria,2015,1787.6
Algeria,2016,1644.7
Algeria,2017,1802.2
Algeria,2018,1715.4
Antigua and Barbuda,1998,4012.2
Antigua and Barbuda,1999,4012.2
Antigua and Barbuda,2000,4012.2
Antigua and Barbuda,2001,4012.2
Antigua and Barbuda,2002,4012.2
Antigua and Barbuda,2003,4012.2
Antigua and Barbuda,2004,4012.2
Antigua and Barbuda,2005,4012.2
Antigua and Barbuda,2006,4012.2
Antigua and Barbuda,2007,5833.3
Antigua and Barbuda,2008,5833.3
Argentina,1991,858.1
Argentina,1992,815.6
Argentina,1993,937.0
Argentina,1994,1027.0
Argentina,1995,923.2
Argentina,1996,1115.4
Argentina,1997,872.4
Argentina,1998,897.4
Argentina,1999,756.4
Argentina,2000,744.4
Argentina,2001,833.4
Argentina,2002,443.6
Argentina,2003,656.1
Argentina,2006,640.9
Argentina,2007,791.2
Argentina,2008,1161.8
Argentina,2009,876.7
Argentina,2010,774.9
Argentina,2011,785.9
Argentina,2012,1009.2
Argentina,2013,1108.9
Argentina,2014,906.3
Argentina,2015,1348.9
Argentina,2016,1136.9
Argentina,2017,930.8
Argentina,2018,998.9
Armenia,1997,1983.1
Armenia,1998,1957.4
Armenia,1999,1636.1
Armenia,2000,1435.3
Armenia,2001,1410.2
Armenia,2002,1443.5
Armenia,2003,1432.8
Armenia,2004,1649.0
Armenia,2005,1944.5
Armenia,2006,2242.4
Armenia,2007,2872.0
Armenia,2008,3155.1
Armenia,2009,2638.9
Armenia,2010,2489.5
Armenia,2011,2972.6
Armenia,2012,2669.2
Armenia,2013,2883.9
Armenia,2014,3059.4
Armenia,2015,2631.8
Armenia,2016,2380.5
Armenia,2017,2388.8
Armenia,2018,2291.4
Australia,1991,2529.3
Australia,1992,2303.1
Australia,1993,2138.6
Australia,1994,2173.6
Australia,1995,1471.4
Australia,1996,1770.1
Australia,1997,1765.6
Australia,1998,1742.0
Australia,1999,1740.1
Australia,2000,1510.9
Australia,2001,1285.3
Australia,2002,1407.7
Australia,2003,1533.2
Australia,2004,1938.6
Australia,2005,1874.8
Australia,2006,1711.6
Australia,2007,2054.3
Australia,2008,2414.9
Australia,2009,2268.8
Australia,2010,2334.5
Australia,2011,3140.9
Australia,2012,3075.2
Australia,2013,2853.7
Australia,2014,2674.5
Australia,2015,2262.8
Australia,2016,2931.9
Australia,2017,2536.9
Australia,2018,2390.1
Austria,1991,1342.9
Austria,1992,1400.4
Austria,1993,1940.7
Austria,1994,1846.2
Austria,1995,1798.3
Austria,1996,1933.6
Austria,1997,1623.1
Austria,1998,1522.9
Austria,1999,1394.5
Austria,2000,1264.7
Austria,2001,1269.7
Austria,2002,1359.0
Austria,2003,1756.1
Austria,2004,1970.5
Austria,2005,1935.0
Austria,2006,1931.9
Austria,2007,2393.8
Austria,2008,2866.7
Austria,2009,2884.0
Austria,2010,2728.3
Austria,2011,2847.0
Austria,2012,2799.7
Austria,2013,2982.1
Austria,2014,2925.4
Austria,2015,2418.9
Austria,2016,2451.2
Austria,2017,2561.4
Austria,2018,2770.3
Azerbaijan,1994,95.1
Azerbaijan,1995,1612.3
Azerbaijan,1996,1297.5
Azerbaijan,1997,1086.9
Azerbaijan,1998,925.8
Azerbaijan,1999,768.3
Azerbaijan,2000,651.6
Azerbaijan,2001,697.7
Azerbaijan,2002,702.6
Azerbaijan,2003,627.6
Azerbaijan,2004,695.1
Azerbaijan,2005,828.2
Azerbaijan,2006,988.6
Azerbaijan,2007,1378.6
Azerbaijan,2008,1926.7
Azerbaijan,2009,2280.5
Azerbaijan,2010,2283.7
Azerbaijan,2011,1515.8
Azerbaijan,2012,1486.7
Azerbaijan,2013,1375.3
Azerbaijan,2014,1439.4
Azerbaijan,2015,1135.1
Azerbaijan,2016,886.7
Azerbaijan,2017,813.4
Bangladesh,1991,1093.0
Bangladesh,1992,1026.9
Bangladesh,1993,1036.2
Bangladesh,1994,1019.6
Bangladesh,1995,1067.6
Bangladesh,1996,1028.9
Bangladesh,1997,1025.2
Bangladesh,1998,959.4
Bangladesh,1999,916.8
Bangladesh,2000,857.2
Bangladesh,2001,809.1
Bangladesh,2002,743.3
Bangladesh,2011,1973.0
Barbados,1992,3367.5
Barbados,1993,3367.5
Barbados,1994,3163.5
Barbados,1995,2959.0
Barbados,1996,3163.5
Barbados,1997,3163.5
Barbados,1998,3571.5
Barbados,1999,3571.5
Barbados,2000,3673.5
Barbados,2001,4081.5
Barbados,2002,4081.5
Belarus,1994,26701.7
Belarus,1995,1222.8
Belarus,1996,1349.8
Belarus,1997,1265.5
Belarus,1998,1014.7
Belarus,1999,1024.5
Belarus,2000,757.6
Belarus,2001,781.1
Belarus,2002,792.7
Belarus,2003,783.5
Belarus,2004,933.3
Belarus,2005,1023.9
Belarus,2006,1043.3
Belarus,2007,1238.1
Belarus,2008,1530.4
Belarus,2009,1295.3
Belarus,2010,1449.8
Belarus,2011,1413.1
Belarus,2012,1548.8
Belarus,2013,1699.0
Belarus,2014,1829.9
Belarus,2015,1239.3
Belarus,2016,1169.9
Belarus,2017,1206.4
Belarus,2018,1165.0
Belgium,2000,583.7
Belgium,2001,525.3
Belgium,2002,604.7
Belgium,2003,1028.6
Belgium,2004,558.4
Belgium,2005,575.8
Belgium,2006,770.6
Belgium,2007,1112.2
Belgium,2008,1172.7
Belgium,2009,1242.8
Belgium,2010,1031.2
Belgium,2011,570.9
Belgium,2012,958.2
Belgium,2013,632.4
Belgium,2014,677.6
Belgium,2015,643.2
Belgium,2016,511.2
Belgium,2017,780.0
Belgium,2018,689.6
Belize,2002,1250.0
Belize,2003,1250.0
Bhutan,2000,1763.8
Bhutan,2001,1895.3
Bhutan,2002,2090.6
Bhutan,2003,1461.7
Bhutan,2004,1586.1
Bhutan,2005,1594.1
Bhutan,2006,2010.0
Bhutan,2007,1966.2
Bhutan,2008,2803.1
Bhutan,2009,2755.1
Bhutan,2010,3023.7
Bhutan,2011,3067.5
Bhutan,2012,2770.8
Bhutan,2013,2654.8
Bhutan,2014,2672.0
Bhutan,2015,3801.9
Bolivia (Plurinational State of),1991,1061.3
Bolivia (Plurinational State of),1992,1128.1
Bolivia (Plurinational State of),1993,1078.5
Bolivia (Plurinational State of),1994,1035.6
Bolivia (Plurinational State of),1995,1102.0
Bolivia (Plurinational State of),1996,1093.5
Bolivia (Plurinational State of),1997,1094.4
Bolivia (Plurinational State of),1998,1053.9
Bolivia (Plurinational State of),1999,990.1
Bolivia (Plurinational State of),2000,984.4
Bolivia (Plurinational State of),2001,974.6
Bolivia (Plurinational State of),2002,949.9
Bolivia (Plurinational State of),2003,917.1
Bolivia (Plurinational State of),2004,910.8
Bolivia (Plurinational State of),2005,927.0
Bolivia (Plurinational State of),2006,897.8
Bolivia (Plurinational State of),2007,1004.1
Bolivia (Plurinational State of),2008,1118.8
Bolivia (Plurinational State of),2009,1187.5
Bolivia (Plurinational State of),2010,1393.1
Bolivia (Plurinational State of),2011,1444.4
Bolivia (Plurinational State of),2012,1421.6
Bolivia (Plurinational State of),2013,1432.9
Bolivia (Plurinational State of),2014,1618.1
Bolivia (Plurinational State of),2015,1457.8
Bolivia (Plurinational State of),2016,1322.1
Bolivia (Plurinational State of),2017,1451.7
Bosnia and Herzegovina,1998,1136.6
Bosnia and Herzegovina,1999,1852.1
Bosnia and Herzegovina,2000,1790.0
Bosnia and Herzegovina,2001,1372.6
Bosnia and Herzegovina,2002,1924.8
Bosnia and Herzegovina,2003,2077.4
Bosnia and Herzegovina,2004,2031.5
Bosnia and Herzegovina,2005,2161.9
Bosnia and Herzegovina,2006,2700.3
Bosnia and Herzegovina,2007,3918.8
Bosnia and Herzegovina,2008,1962.3
Bosnia and Herzegovina,2009,2699.1
Bosnia and Herzegovina,2010,2519.1
Bosnia and Herzegovina,2011,3015.8
Bosnia and Herzegovina,2012,3613.2
Bosnia and Herzegovina,2013,2403.2
Bosnia and Herzegovina,2014,1736.6
Bosnia and Herzegovina,2015,2021.6
Bosnia and Herzegovina,2016,1257.3
Bosnia and Herzegovina,2017,1863.2
Bosnia and Herzegovina,2018,2015.7
Brazil,1991,624.8
Brazil,1992,645.8
Brazil,1994,1402.2
Brazil,1995,1351.3
Brazil,1996,1509.3
Brazil,1997,1463.8
Brazil,1998,1358.9
Brazil,1999,909.6
Brazil,2000,987.2
Brazil,2001,810.8
Brazil,2002,357.3
Brazil,2003,493.7
Brazil,2004,548.1
Brazil,2005,669.2
Brazil,2006,691.5
Brazil,2007,841.4
Brazil,2008,1018.8
Brazil,2009,916.5
Brazil,2010,1027.4
Brazil,2011,2196.8
Brazil,2012,2280.0
Brazil,2013,2534.6
Brazil,2014,2667.1
Brazil,2015,1981.3
Brazil,2016,2119.4
Brunei Darussalam,1995,2228.0
Brunei Darussalam,1996,2239.6
Brunei Darussalam,1997,2126.8
Brunei Darussalam,1998,1677.2
Brunei Darussalam,1999,1552.6
Brunei Darussalam,2000,1628.2
Brunei Darussalam,2001,1762.5
Brunei Darussalam,2002,1567.6
Brunei Darussalam,2003,1510.5
Brunei Darussalam,2004,1556.9
Brunei Darussalam,2005,1581.1
Brunei Darussalam,2006,1545.8
Brunei Darussalam,2015,2552.2
Brunei Darussalam,2016,2540.3
Brunei Darussalam,2017,2159.5
Brunei Darussalam,2018,2211.0
Bulgaria,1998,686.2
Bulgaria,1999,561.4
Bulgaria,2000,824.2
Bulgaria,2001,890.9
Bulgaria,2002,859.8
Bulgaria,2003,1092.5
Bulgaria,2004,1303.8
Bulgaria,2005,1145.8
Bulgaria,2006,1110.2
Bulgaria,2007,1652.6
Bulgaria,2008,1871.9
Bulgaria,2009,1904.5
Bulgaria,2010,1801.0
Bulgaria,2011,1632.6
Bulgaria,2012,2005.4
Bulgaria,2013,1521.3
Bulgaria,2014,1431.1
Bulgaria,2015,1397.4
Bulgaria,2016,1028.9
Bulgaria,2017,1366.1
Bulgaria,2018,1529.5
Burundi,1991,3463.0
Burundi,1992,3154.8
Burundi,1993,2706.7
Burundi,1994,2827.0
Burundi,1995,3431.9
Burundi,1996,3775.0
Burundi,1997,5189.6
Burundi,1998,4466.6
Burundi,1999,3452.5
Burundi,2000,3171.6
Burundi,2001,2990.1
Burundi,2002,2745.9
Burundi,2004,2595.2
Burundi,2005,2641.6
Burundi,2006,3327.4
Burundi,2007,4188.5
Cabo Verde,1998,2957.9
Cabo Verde,1999,2883.8
Cabo Verde,2000,2262.6
Cabo Verde,2001,2356.6
Cabo Verde,2002,2487.0
Cabo Verde,2003,3053.5
Cabo Verde,2004,3292.5
Cabo Verde,2005,3338.7
Cabo Verde,2006,3283.9
Cabo Verde,2007,3477.0
Cabo Verde,2008,5912.7
Cabo Verde,2009,5134.4
Cabo Verde,2010,4674.4
Cabo Verde,2011,4726.2
Cabo Verde,2012,4308.8
Cabo Verde,2013,4911.3
Cabo Verde,2014,4919.7
Cabo Verde,2015,4121.6
Cabo Verde,2016,4110.8
Cabo Verde,2017,4803.6
Cabo Verde,2018,4794.3
Cambodia,1994,2014.8
Cambodia,1995,1673.9
Cambodia,1996,1954.3
Cambodia,1997,1740.6
Cambodia,1998,1027.2
Cameroon,1992,3022.4
Cameroon,1993,2260.2
Cameroon,1994,1152.7
Cameroon,1995,1282.2
Cameroon,1996,948.1
Cameroon,1997,1096.5
Cameroon,1998,1356.0
Cameroon,1999,1299.3
Cameroon,2000,898.9
Cameroon,2001,873.1
Cameroon,2002,1147.8
Cameroon,2003,1376.5
Canada,1991,1666.2
Canada,1992,1670.4
Canada,1993,1599.9
Canada,1994,1550.2
Canada,1995,1629.9
Canada,1996,1819.6
Canada,1997,1193.0
Canada,1998,1073.4
Canada,1999,1051.7
Canada,2000,1062.1
Canada,2001,1056.9
Canada,2002,1062.1
Canada,2003,1200.2
Canada,2004,1338.3
Canada,2005,1301.7
Canada,2006,1412.5
Canada,2007,1560.2
Canada,2008,1763.4
Canada,2009,1658.9
Canada,2010,1798.0
Canada,2011,2050.1
Canada,2012,2162.7
Canada,2013,2212.6
Canada,2014,2006.8
Canada,2015,1781.3
Canada,2016,1719.1
Canada,2017,1767.1
Canada,2018,1826.5
Chad,2007,4636.7
Chad,2008,4962.5
Chad,2009,4706.2
Chad,2010,4486.8
Chad,2011,4709.4
Chile,1991,1108.3
Chile,1992,1069.9
Chile,1993,1020.5
Chile,1994,1072.8
Chile,1995,1210.8
Chile,1996,1370.8
Chile,1997,1399.5
Chile,1998,1116.9
Chile,1999,1115.4
Chile,2000,1164.4
Chile,2001,842.9
Chile,2002,871.9
Chile,2003,1011.8
Chile,2004,1130.1
Chile,2005,1275.3
Chile,2006,1244.7
Chile,2007,1467.9
Chile,2008,1683.6
Chile,2009,1598.8
Chile,2010,1888.7
Chile,2012,1959.6
China,1991,780.0
China,1992,943.0
China,1993,861.2
China,1994,671.2
China,1995,775.9
China,1996,893.1
China,1997,695.1
China,1998,653.5
China,1999,562.9
China,2000,460.2
China,2001,512.3
China,2002,525.6
China,2003,514.7
China,2004,647.6
China,2005,674.9
China,2006,639.7
China,2007,845.5
China,2008,946.8
China,2009,966.3
China,2011,1345.2
China,2012,1259.9
China,2013,1359.1
China,2014,1090.8
China,2015,911.1
China,2016,985.6
"China, Hong Kong SAR",1996,4471.0
"China, Hong Kong SAR",1997,3926.6
"China, Hong Kong SAR",1998,4424.6
"China, Hong Kong SAR",1999,4435.7
"China, Hong Kong SAR",2000,4414.0
"China, Hong Kong SAR",2001,4411.0
"China, Hong Kong SAR",2002,4409.6
"China, Hong Kong SAR",2003,4952.0
"China, Hong Kong SAR",2004,4635.3
"China, Hong Kong SAR",2005,4644.3
"China, Hong Kong SAR",2006,5113.4
"China, Hong Kong SAR",2007,5033.7
"China, Hong Kong SAR",2008,5082.9
"China, Hong Kong SAR",2015,5620.7
"China, Hong Kong SAR",2016,6458.2
"China, Hong Kong SAR",2017,6100.2
"China, Hong Kong SAR",2018,6952.9
"China, mainland",1991,780.0
"China, mainland",1992,943.0
"China, mainland",1993,861.2
"China, mainland",1994,671.2
"China, mainland",1995,775.9
"China, mainland",1996,893.1
"China, mainland",1997,695.1
"China, mainland",1998,653.5
"China, mainland",1999,562.9
"China, mainland",2000,460.2
"China, mainland",2001,512.3
"China, mainland",2002,525.6
"China, mainland",2003,514.7
"China, mainland",2004,647.6
"China, mainland",2005,674.9
"China, mainland",2006,639.6
"China, mainland",2007,845.2
"China, mainland",2008,946.9
"China, mainland",2009,966.1
"China, mainland",2010,1004.4
"China, mainland",2011,1344.9
"China, mainland",2012,1259.4
"China, mainland",2013,1359.0
"China, mainland",2014,1090.8
"China, mainland",2015,911.1
"China, mainland",2016,985.6
Colombia,1991,875.0
Colombia,1992,901.8
Colombia,1993,750.8
Colombia,1994,1015.1
Colombia,1995,1117.3
Colombia,1996,1053.6
Colombia,1997,1181.8
Colombia,1998,1216.9
Colombia,1999,994.5
Colombia,2000,1007.0
Colombia,2001,908.0
Colombia,2002,954.3
Colombia,2003,840.6
Colombia,2004,1054.7
Colombia,2005,1095.1
Colombia,2006,1029.2
Colombia,2007,1386.0
Colombia,2008,1702.1
Colombia,2009,1458.5
Colombia,2010,1725.2
Colombia,2011,1741.4
Colombia,2012,1877.5
Colombia,2013,1697.6
Colombia,2014,1745.1
Colombia,2015,1307.7
Congo,1993,5367.9
Congo,1994,2737.7
Congo,1995,3045.2
Congo,1996,3256.8
Congo,1997,2854.4
Congo,1998,2881.6
Congo,1999,1908.4
Congo,2000,1740.6
Congo,2001,2060.3
Congo,2002,1701.2
Congo,2009,4059.1
Congo,2010,3869.9
Congo,2011,4061.9
Congo,2012,3754.3
Congo,2013,3879.6
Cook Islands,1993,1896.2
Cook Islands,1994,2080.6
Cook Islands,1995,2302.7
Cook Islands,1996,2411.9
Cook Islands,1997,3479.9
Cook Islands,1998,2817.1
Cook Islands,1999,2785.2
Cook Islands,2000,3347.3
Cook Islands,2001,3097.4
Cook Islands,2002,3407.7
Cook Islands,2003,4278.5
Costa Rica,1991,997.3
Costa Rica,1992,996.2
Costa Rica,1993,1139.5
Costa Rica,1994,1033.1
Costa Rica,1995,974.9
Costa Rica,1996,1232.0
Côte d'Ivoire,1991,1612.9
Côte d'Ivoire,1992,1719.0
Côte d'Ivoire,1993,1606.9
Côte d'Ivoire,1994,1008.6
Côte d'Ivoire,1995,1322.3
Côte d'Ivoire,1996,1309.7
Côte d'Ivoire,1997,856.6
Côte d'Ivoire,1998,1358.6
Côte d'Ivoire,1999,1152.0
Côte d'Ivoire,2000,994.4
Côte d'Ivoire,2001,964.5
Côte d'Ivoire,2002,1345.4
Côte d'Ivoire,2003,1617.6
Côte d'Ivoire,2004,1767.8
Côte d'Ivoire,2005,1306.1
Côte d'Ivoire,2006,1317.8
Côte d'Ivoire,2007,1862.9
Croatia,1994,1970.3
Croatia,1995,1946.6
Croatia,1996,2104.5
Croatia,1997,1820.9
Croatia,1998,1457.3
Croatia,1999,1252.7
Croatia,2000,1317.9
Croatia,2001,1198.8
Croatia,2002,1432.1
Croatia,2003,1599.9
Croatia,2004,1898.2
Croatia,2005,2047.6
Croatia,2006,1962.1
Croatia,2007,2236.9
Croatia,2008,2689.5
Croatia,2009,2271.0
Croatia,2010,2149.5
Croatia,2011,2324.7
Croatia,2012,2306.7
Croatia,2013,2547.3
Croatia,2014,2321.3
Croatia,2015,1954.0
Croatia,2016,1780.8
Croatia,2017,1897.9
Croatia,2018,1877.1
Cyprus,1991,1197.7
Cyprus,1992,1471.1
Cyprus,1993,1436.1
Cyprus,1994,1479.8
Cyprus,1995,1578.9
Cyprus,1996,1504.0
Cyprus,1997,1467.9
Cyprus,1998,1481.9
Cyprus,1999,1437.3
Cyprus,2000,1253.8
Cyprus,2001,1233.7
Cyprus,2002,1299.2
Cyprus,2003,914.5
Cyprus,2004,1622.6
Cyprus,2005,1642.8
Cyprus,2006,1715.7
Cyprus,2007,2009.7
Cyprus,2008,2497.5
Cyprus,2009,2411.6
Cyprus,2010,2231.7
Cyprus,2011,2402.2
Cyprus,2012,2278.1
Cyprus,2013,2336.8
Cyprus,2014,2348.3
Cyprus,2015,1958.6
Cyprus,2016,1946.8
Cyprus,2017,1987.8
Cyprus,2018,1963.0
Czechia,1993,860.1
Czechia,1994,924.3
Czechia,1995,915.2
Czechia,1996,1117.0
Czechia,1997,1060.0
Czechia,1998,984.8
Czechia,1999,776.2
Czechia,2000,889.5
Czechia,2001,820.6
Czechia,2002,797.4
Czechia,2003,1015.0
Czechia,2004,1219.9
Czechia,2005,1080.9
Czechia,2006,1148.3
Czechia,2007,1494.4
Czechia,2008,1859.2
Czechia,2009,1644.3
Czechia,2010,1549.9
Czechia,2011,1464.7
Czechia,2012,2054.4
Czechia,2013,1665.1
Czechia,2014,1545.0
Czechia,2015,1342.0
Czechia,2016,1246.9
Czechia,2017,1583.8
Czechia,2018,1539.6
Denmark,1991,1014.6
Denmark,1992,1057.0
Denmark,1993,1112.0
Denmark,1994,993.6
Denmark,1995,1394.1
Denmark,1996,1407.2
Denmark,1997,1237.0
Denmark,1998,1169.6
Denmark,1999,1216.0
Denmark,2000,1049.5
Denmark,2001,1081.4
Denmark,2002,1106.0
Denmark,2003,1402.6
Denmark,2004,1424.1
Denmark,2005,1381.9
Denmark,2006,1461.3
Denmark,2007,1798.4
Denmark,2008,2640.8
Denmark,2009,1798.0
Denmark,2010,1712.8
Denmark,2011,1786.5
Denmark,2012,1864.9
Denmark,2013,1950.8
Denmark,2014,1865.9
Denmark,2015,1625.3
Denmark,2016,1626.2
Denmark,2017,1702.1
Denmark,2018,1832.9
Dominican Republic,1991,1289.3
Dominican Republic,1992,1281.0
Dominican Republic,1993,942.1
Dominican Republic,1994,837.6
Dominican Republic,1995,783.7
Dominican Republic,1996,1160.3
Dominican Republic,1997,1121.6
Dominican Republic,1998,1244.5
Dominican Republic,1999,1147.6
Dominican Republic,2000,1084.4
Dominican Republic,2001,1038.2
Dominican Republic,2002,1106.9
Dominican Republic,2003,1025.0
Dominican Republic,2008,1339.0
Dominican Republic,2009,1523.6
Dominican Republic,2010,1187.5
Dominican Republic,2011,1396.2
Dominican Republic,2012,1543.1
Dominican Republic,2014,1401.5
Dominican Republic,2015,1331.4
Dominican Republic,2016,1124.8
Dominican Republic,2017,1026.4
Dominican Republic,2018,923.5
Ecuador,1991,1024.0
Ecuador,1992,974.3
Ecuador,1993,997.0
Ecuador,1994,1143.3
Ecuador,1995,1163.2
Ecuador,1996,1027.1
Ecuador,1997,967.9
Ecuador,1998,1028.5
Ecuador,1999,833.7
Ecuador,2000,940.0
Ecuador,2001,946.0
Ecuador,2002,1167.0
Ecuador,2003,926.0
Ecuador,2004,1128.0
Ecuador,2005,1065.0
Ecuador,2006,916.7
Ecuador,2007,998.3
Ecuador,2008,1278.3
Ecuador,2009,1260.7
Ecuador,2010,1261.4
Ecuador,2011,1363.5
Ecuador,2012,1610.8
Ecuador,2013,1511.7
Ecuador,2014,1622.9
Ecuador,2015,1422.8
Ecuador,2016,1581.2
Ecuador,2017,1632.5
Ecuador,2018,1262.8
Egypt,1994,760.7
Egypt,1995,733.4
Egypt,1996,850.1
Egypt,1997,908.3
Egypt,1998,1349.8
Egypt,1999,1361.3
Egypt,2000,1293.5
Egypt,2001,1250.9
Egypt,2002,1073.6
Egypt,2003,929.8
Egypt,2004,1031.3
Egypt,2005,1307.0
Egypt,2006,1994.4
Egypt,2007,1964.7
Egypt,2008,2288.1
Egypt,2009,2140.1
Egypt,2010,2171.3
Egypt,2011,2065.1
Egypt,2012,2107.1
Egypt,2013,1982.6
Egypt,2014,2013.0
Egypt,2015,2149.3
Egypt,2016,2108.0
Egypt,2017,1545.0
El Salvador,1991,1220.7
El Salvador,1992,1124.6
El Salvador,1993,1191.5
El Salvador,1996,1317.3
El Salvador,1997,1014.7
El Salvador,1998,851.2
El Salvador,1999,1119.7
El Salvador,2000,1064.8
El Salvador,2001,1080.1
El Salvador,2002,1053.8
El Salvador,2003,1031.9
El Salvador,2004,1122.0
El Salvador,2005,1258.0
El Salvador,2006,1139.0
El Salvador,2007,1122.0
El Salvador,2008,1292.0
El Salvador,2009,1097.0
El Salvador,2010,2214.7
El Salvador,2013,1980.0
El Salvador,2014,1995.8
El Salvador,2015,1995.8
El Salvador,2016,1526.1
El Salvador,2018,1875.7
Eritrea,1993,2869.1
Eritrea,1995,2246.2
Eritrea,1996,2137.6
Eritrea,1997,2100.1
Eritrea,1998,2995.3
Eritrea,1999,2610.4
Estonia,1992,1457.6
Estonia,1993,1122.8
Estonia,1994,1228.9
Estonia,1995,1105.4
Estonia,1996,1194.6
Estonia,1997,1149.4
Estonia,1998,928.3
Estonia,1999,831.6
Estonia,2000,828.5
Estonia,2001,854.4
Estonia,2002,787.3
Estonia,2003,1038.1
Estonia,2004,946.4
Estonia,2005,1109.9
Estonia,2006,1123.5
Estonia,2007,1328.7
Estonia,2008,1797.9
Estonia,2009,1471.8
Estonia,2010,1483.5
Estonia,2011,1430.9
Estonia,2012,1580.2
Estonia,2013,1669.0
Estonia,2014,1558.4
Estonia,2015,1185.5
Estonia,2016,1120.3
Estonia,2017,1146.5
Estonia,2018,1130.8
Ethiopia,1994,957.9
Ethiopia,1995,928.8
Ethiopia,1996,958.3
Ethiopia,1997,868.9
Ethiopia,1998,790.5
Ethiopia,2006,459.8
Ethiopia,2007,1113.6
Ethiopia,2008,1377.9
Ethiopia,2010,1025.2
Ethiopia,2011,1304.0
Ethiopia,2012,1840.9
Ethiopia,2016,2372.4
Ethiopia,2017,2284.3
Ethiopia PDR,1991,1769.7
Ethiopia PDR,1992,1537.3
Fiji,1998,2097.2
Fiji,1999,2115.5
Fiji,2000,1957.5
Fiji,2001,1830.2
Fiji,2002,1905.5
Fiji,2003,2637.7
Fiji,2004,2885.3
Fiji,2005,2956.9
Fiji,2006,3369.5
Fiji,2007,3622.5
Fiji,2008,3660.2
Fiji,2015,3972.8
Fiji,2016,3978.3
Fiji,2017,4031.8
Fiji,2018,2851.7
Finland,1991,2898.1
Finland,1992,2634.3
Finland,1993,1530.0
Finland,1994,1634.9
Finland,1995,648.1
Finland,1996,910.0
Finland,1997,697.3
Finland,1998,718.6
Finland,1999,792.0
Finland,2000,751.5
Finland,2001,614.0
Finland,2002,743.5
Finland,2003,902.9
Finland,2004,918.8
Finland,2005,746.2
Finland,2006,777.8
Finland,2007,1053.9
Finland,2008,1347.6
Finland,2009,1210.0
Finland,2010,1165.5
Finland,2011,1327.6
Finland,2012,1494.3
Finland,2013,1552.1
Finland,2014,1324.1
Finland,2015,1134.6
Finland,2016,1101.7
Finland,2017,1086.3
Finland,2018,1213.4
France,1991,1063.4
France,1992,1049.7
France,1993,963.8
France,1994,886.7
France,1995,897.1
France,1996,1165.9
France,1997,993.3
France,1998,866.1
France,1999,764.9
France,2000,816.7
France,2001,779.3
France,2002,773.8
France,2003,1166.9
France,2004,897.1
France,2005,878.8
France,2006,1008.1
France,2007,1414.4
France,2008,1540.2
France,2009,1597.9
France,2010,1223.2
France,2011,1439.1
France,2012,2023.4
France,2013,1380.5
France,2014,1424.1
France,2015,1257.0
France,2016,1219.2
France,2017,1690.6
France,2018,1661.6
Georgia,1997,820.0
Georgia,1998,696.5
Georgia,1999,569.0
Georgia,2000,566.8
Georgia,2001,551.9
Georgia,2002,550.2
Georgia,2003,611.5
Georgia,2006,1837.7
Georgia,2007,2134.8
Georgia,2008,2356.1
Georgia,2009,1869.9
Georgia,2010,1819.3
Georgia,2011,2100.2
Georgia,2012,2013.0
Georgia,2013,1989.9
Georgia,2014,1825.1
Georgia,2015,1557.8
Georgia,2016,1378.3
Georgia,2017,1471.7
Georgia,2018,1363.5
Germany,1991,1509.5
Germany,1992,1530.0
Germany,1993,1439.1
Germany,1994,1536.3
Germany,1995,1633.1
Germany,1996,1877.8
Germany,1997,1463.7
Germany,1998,1118.9
Germany,1999,964.3
Germany,2000,1032.9
Germany,2001,943.3
Germany,2002,1013.6
Germany,2003,1506.7
Germany,2004,1369.6
Germany,2005,1315.7
Germany,2006,1598.2
Germany,2007,2051.6
Germany,2008,2333.5
Germany,2009,2408.9
Germany,2010,2507.1
Germany,2011,2708.0
Germany,2012,2127.4
Germany,2013,1656.4
Germany,2014,1576.9
Germany,2015,1405.4
Germany,2016,1276.6
Germany,2017,1832.6
Germany,2018,1797.7
Ghana,1991,4309.0
Ghana,1992,3835.6
Ghana,1993,3043.6
Ghana,1994,2716.7
Ghana,1995,3133.3
Ghana,1996,2609.8
Ghana,1997,3453.8
Ghana,1998,3888.0
Ghana,2003,1615.2
Ghana,2011,3783.0
Greece,1991,2309.5
Greece,1992,2214.2
Greece,1993,1908.6
Greece,1994,1947.4
Greece,1995,1663.7
Greece,1996,1803.8
Greece,1997,1732.4
Greece,1998,1706.8
Greece,1999,1622.6
Greece,2000,1426.8
Greece,2001,1361.1
Greece,2002,1479.4
Greece,2003,1819.3
Greece,2004,2071.7
Greece,2005,2132.4
Greece,2006,2216.9
Greece,2007,2636.3
Greece,2008,3276.4
Greece,2009,3236.1
Greece,2010,3182.6
Greece,2011,3490.7
Greece,2012,3623.3
Greece,2013,3624.8
Greece,2014,3655.9
Greece,2015,3077.7
Greece,2016,3050.0
Greece,2017,3107.6
Greece,2018,3306.6
Grenada,2010,4321.0
Grenada,2011,4321.0
Grenada,2012,4321.0
Grenada,2013,4321.0
Grenada,2014,4321.0
Grenada,2015,5555.6
Grenada,2016,7342.1
Grenada,2017,8223.2
Grenada,2018,8252.1
Guinea,1991,2255.1
Guinea,1992,2161.9
Guinea,1993,2197.8
Guinea,1994,2150.2
Guinea,1995,3487.1
Guinea,1996,3870.2
Guinea,1997,3651.9
Guinea,1998,3118.6
Guinea,1999,2656.6
Guinea,2000,1831.8
Guinea,2001,2841.7
Guinea,2002,4077.8
Guinea,2003,1928.8
Guinea,2004,1790.6
Guinea,2005,1621.4
Guinea-Bissau,1998,3390.1
Guinea-Bissau,1999,3248.3
Guinea-Bissau,2000,2809.1
Guinea-Bissau,2001,2728.4
Guinea-Bissau,2002,2869.5
Guinea-Bissau,2003,3441.2
Guinea-Bissau,2004,3785.8
Guinea-Bissau,2005,3791.7
Guinea-Bissau,2006,3824.9
Guinea-Bissau,2007,4173.0
Guinea-Bissau,2008,4466.2
Guyana,2007,1534.9
Guyana,2008,1881.5
Guyana,2009,2116.0
Guyana,2010,2406.9
Guyana,2011,2513.9
Guyana,2012,2711.2
Guyana,2013,4457.7
Guyana,2014,3107.4
Guyana,2015,2757.0
Guyana,2016,2421.3
Guyana,2017,2152.3
Guyana,2018,2287.7
Honduras,1991,902.8
Honduras,1992,836.7
Honduras,1998,2689.6
Honduras,1999,2673.6
Honduras,2000,2695.6
Honduras,2001,2649.7
Honduras,2002,2555.8
Honduras,2003,2479.1
Honduras,2004,2471.7
Honduras,2005,2442.6
Honduras,2006,2593.3
Honduras,2007,2646.2
Honduras,2008,2380.5
Hungary,1991,900.1
Hungary,1992,1012.8
Hungary,1993,1031.0
Hungary,1994,1048.4
Hungary,1995,1012.7
Hungary,1996,1131.1
Hungary,1997,1193.0
Hungary,1998,1032.6
Hungary,1999,789.4
Hungary,2000,797.4
Hungary,2001,896.2
Hungary,2002,1071.0
Hungary,2003,1114.1
Hungary,2004,1493.4
Hungary,2005,1454.0
Hungary,2006,1498.1
Hungary,2007,1592.9
Hungary,2008,1877.3
Hungary,2009,1785.4
Hungary,2010,1613.5
Hungary,2011,1717.2
Hungary,2012,1959.7
Hungary,2013,1515.3
Hungary,2014,1455.2
Hungary,2015,1233.8
Hungary,2016,1129.7
Hungary,2017,1501.5
Hungary,2018,1630.9
Iceland,1991,4159.6
Iceland,1992,4284.9
Iceland,1993,3653.7
Iceland,1994,3799.3
Iceland,1995,4050.0
Iceland,1996,3769.2
Iceland,1997,2715.7
Iceland,1998,2677.6
Iceland,1999,2585.2
Iceland,2000,2340.5
Iceland,2001,1888.6
Iceland,2002,1952.8
Iceland,2003,3076.6
Iceland,2004,3205.5
Iceland,2005,3572.5
Iceland,2006,3704.8
Iceland,2007,4047.3
Iceland,2008,2947.8
Iceland,2009,2412.2
Iceland,2010,2484.7
Iceland,2011,2890.8
Iceland,2012,3128.9
Iceland,2013,3505.4
Iceland,2014,3646.7
Iceland,2015,3404.0
Iceland,2016,3828.4
Iceland,2017,3745.8
Iceland,2018,3878.1
India,1991,449.8
India,1992,394.7
India,1994,551.4
India,1995,659.9
India,1996,463.5
India,1997,602.5
Indonesia,1993,3141.0
Indonesia,1994,2427.1
Indonesia,1995,2777.0
Indonesia,1996,3073.9
Indonesia,1997,2558.8
Indonesia,1998,1085.2
Indonesia,1999,2283.0
Indonesia,2016,1718.9
Indonesia,2017,1668.4
Indonesia,2018,1706.6
Iran (Islamic Republic of),2002,702.3
Iraq,2003,1608.4
Iraq,2004,1376.5
Iraq,2005,1698.4
Iraq,2006,1084.7
Iraq,2007,1594.2
Iraq,2008,2217.8
Iraq,2009,2774.0
Iraq,2011,2495.7
Iraq,2012,2521.1
Iraq,2013,2538.6
Iraq,2014,2710.1
Iraq,2015,2741.3
Iraq,2016,2656.5
Iraq,2017,2837.8
Ireland,1991,1274.8
Ireland,1992,1180.8
Ireland,1993,1027.7
Ireland,1994,1085.8
Ireland,1995,1117.5
Ireland,1996,1260.7
Ireland,1997,1152.1
Ireland,1998,1042.3
Ireland,1999,967.2
Ireland,2000,804.9
Ireland,2001,802.2
Ireland,2002,843.7
Ireland,2004,1156.7
Ireland,2005,1134.5
Ireland,2006,1142.2
Ireland,2007,1447.9
Ireland,2008,1729.5
Ireland,2009,1450.1
Ireland,2010,1329.1
Ireland,2011,1746.2
Ireland,2012,1823.6
Ireland,2013,1933.4
Israel,1992,1542.4
Israel,1993,1331.4
Israel,1994,1203.9
Israel,1995,1191.8
Israel,1996,1538.7
Israel,1997,1506.4
Israel,1998,1353.4
Israel,1999,1078.3
Israel,2000,674.7
Israel,2001,717.4
Israel,2002,697.8
Israel,2003,722.4
Israel,2004,804.8
Israel,2005,763.6
Israel,2006,793.6
Israel,2007,906.7
Israel,2008,1156.6
Israel,2009,1012.9
Israel,2010,1037.5
Israel,2011,1182.2
Israel,2012,1148.9
Israel,2013,1311.4
Israel,2014,1222.2
Israel,2015,1081.0
Israel,2016,1056.1
Israel,2017,1129.9
Israel,2018,1172.5
Italy,1991,1826.1
Italy,1992,1857.1
Italy,1993,1550.3
Italy,1994,1561.1
Italy,1995,1561.9
Italy,1996,1930.1
Italy,1997,1664.4
Italy,1998,1621.5
Italy,1999,1354.6
Italy,2000,1363.9
Italy,2001,1254.4
Italy,2002,1371.4
Italy,2003,1779.6
Italy,2004,1957.9
Italy,2005,1838.7
Italy,2006,1964.6
Italy,2007,1385.1
Italy,2008,1483.9
Italy,2009,1507.3
Italy,2010,1476.7
Italy,2011,1588.1
Italy,2012,1921.6
Italy,2013,1930.4
Italy,2014,1813.9
Italy,2015,1396.3
Italy,2016,1201.2
Italy,2017,1436.2
Italy,2018,1613.0
Jamaica,2001,1766.0
Jamaica,2002,1810.8
Jamaica,2003,1629.6
Jamaica,2004,1758.8
Jamaica,2005,1883.9
Jamaica,2006,1853.4
Jamaica,2007,1956.6
Japan,1991,1495.1
Japan,1992,1153.6
Japan,1993,1300.4
Japan,1994,1479.3
Japan,1995,1753.1
Japan,1996,1710.8
Japan,1997,1532.3
Japan,1998,1184.1
Japan,1999,1559.2
Japan,2000,1631.3
Japan,2001,1285.3
Japan,2002,1286.4
Japan,2003,1205.0
Japan,2004,1497.3
Japan,2005,1740.2
Japan,2006,1475.5
Japan,2007,1399.5
Japan,2008,1831.5
Japan,2009,1785.8
Japan,2010,2063.1
Japan,2011,2404.6
Japan,2012,2174.4
Japan,2013,1996.0
Japan,2014,2051.1
Japan,2015,1872.0
Japan,2016,1934.9
Japan,2017,1900.8
Japan,2018,1752.3
Jordan,1993,818.4
Jordan,1994,691.2
Jordan,1995,761.0
Jordan,1996,1057.8
Jordan,1997,963.3
Jordan,1998,924.7
Jordan,1999,822.7
Jordan,2000,916.8
Jordan,2001,673.9
Jordan,2002,885.5
Jordan,2003,932.4
Jordan,2004,971.7
Jordan,2005,1089.1
Jordan,2006,936.5
Jordan,2007,1443.9
Jordan,2008,1676.1
Jordan,2009,1435.9
Jordan,2010,1192.5
Jordan,2011,1529.6
Kazakhstan,1994,1629.3
Kazakhstan,1995,1217.9
Kazakhstan,1996,1454.0
Kazakhstan,1997,1297.7
Kazakhstan,1998,1262.0
Kazakhstan,1999,698.9
Kazakhstan,2000,667.9
Kazakhstan,2001,703.4
Kazakhstan,2002,644.5
Kazakhstan,2003,711.1
Kazakhstan,2004,933.7
Kazakhstan,2005,1120.1
Kazakhstan,2006,1264.1
Kazakhstan,2007,1664.7
Kazakhstan,2008,2090.8
Kazakhstan,2009,1532.5
Kazakhstan,2010,1532.8
Kazakhstan,2011,1618.3
Kazakhstan,2012,1583.1
Kazakhstan,2013,1725.0
Kazakhstan,2014,1458.3
Kazakhstan,2015,1085.4
Kazakhstan,2016,957.4
Kazakhstan,2017,1011.5
Kazakhstan,2018,906.1
Kenya,1996,984.9
Kenya,1997,957.7
Kenya,1998,1104.4
Kenya,1999,790.0
Kenya,2000,875.2
Kenya,2001,1414.3
Kenya,2002,1410.9
Kenya,2003,1463.2
Kenya,2004,1403.4
Kenya,2005,1633.1
Kenya,2006,1772.4
Kenya,2007,2106.6
Kenya,2008,2551.3
Kenya,2009,2048.3
Kenya,2010,2243.7
Kenya,2011,2001.8
Kenya,2012,2153.1
Kenya,2013,2113.3
Kenya,2014,2525.0
Kenya,2015,2281.6
Kenya,2016,1989.8
Kyrgyzstan,1998,1456.3
Kyrgyzstan,1999,824.1
Kyrgyzstan,2000,878.5
Kyrgyzstan,2001,1002.0
Kyrgyzstan,2002,1008.3
Kyrgyzstan,2003,1123.0
Kyrgyzstan,2004,1141.2
Kyrgyzstan,2005,1386.7
Kyrgyzstan,2006,1500.9
Kyrgyzstan,2007,1874.2
Kyrgyzstan,2008,2328.5
Kyrgyzstan,2009,2153.6
Kyrgyzstan,2010,1822.4
Kyrgyzstan,2011,2070.2
Kyrgyzstan,2012,2310.4
Kyrgyzstan,2013,2569.7
Kyrgyzstan,2014,2431.1
Kyrgyzstan,2015,2233.0
Kyrgyzstan,2016,1745.3
Kyrgyzstan,2017,1781.4
Lao People's Democratic Republic,1995,1261.8
Lao People's Democratic Republic,1996,1403.1
Lao People's Democratic Republic,1997,769.9
Lao People's Democratic Republic,1998,691.3
Lao People's Democratic Republic,2013,4353.6
Latvia,1992,1189.7
Latvia,1993,1465.8
Latvia,1995,1611.1
Latvia,1996,1329.3
Latvia,1997,1045.1
Latvia,1998,999.1
Latvia,1999,939.9
Latvia,2000,1016.8
Latvia,2001,982.1
Latvia,2002,835.8
Latvia,2003,1049.9
Latvia,2004,1110.6
Latvia,2005,1062.5
Latvia,2006,1130.1
Latvia,2007,1427.2
Latvia,2008,1802.6
Latvia,2009,1585.7
Latvia,2010,1357.3
Latvia,2011,1325.7
Latvia,2012,1754.8
Latvia,2013,1573.8
Latvia,2014,1527.3
Latvia,2016,1151.5
Latvia,2017,1345.7
Latvia,2018,1411.7
Lebanon,1995,1036.1
Lebanon,1996,1018.2
Lebanon,1997,896.4
Lebanon,1998,923.4
Lebanon,1999,901.9
Lebanon,2000,584.3
Lebanon,2001,582.7
Lebanon,2002,517.9
Lebanon,2003,582.5
Lebanon,2004,663.2
Lebanon,2005,607.3
Lebanon,2006,930.9
Lebanon,2007,1334.5
Lebanon,2011,1602.0
Lebanon,2012,1991.8
Lebanon,2013,2018.4
Lebanon,2014,2066.5
Lebanon,2015,1724.7
Lebanon,2016,2079.6
Lebanon,2017,1758.5
Lebanon,2018,2291.9
Lithuania,1993,2110.3
Lithuania,1994,1641.0
Lithuania,1995,1371.5
Lithuania,1996,1024.5
Lithuania,1997,962.8
Lithuania,1998,703.3
Lithuania,1999,719.5
Lithuania,2000,788.0
Lithuania,2001,793.8
Lithuania,2002,679.6
Lithuania,2003,1007.6
Lithuania,2004,908.4
Lithuania,2005,964.3
Lithuania,2006,1039.2
Lithuania,2007,1384.9
Lithuania,2008,1752.1
Lithuania,2009,1671.1
Lithuania,2010,1392.4
Lithuania,2011,1379.4
Lithuania,2012,1747.2
Lithuania,2013,1470.7
Lithuania,2014,1385.7
Lithuania,2015,1159.1
Lithuania,2016,1084.7
Lithuania,2017,1123.5
Lithuania,2018,1090.9
Luxembourg,2000,1294.9
Luxembourg,2001,1267.4
Luxembourg,2002,1617.1
Luxembourg,2003,2024.4
Luxembourg,2004,2256.2
Luxembourg,2005,2505.8
Luxembourg,2006,2545.3
Luxembourg,2007,2801.7
Luxembourg,2008,3156.7
Luxembourg,2009,3166.0
Luxembourg,2010,3039.6
Luxembourg,2011,3211.2
Luxembourg,2012,3187.7
Luxembourg,2013,3396.4
Luxembourg,2014,3393.8
Luxembourg,2015,2826.1
Luxembourg,2016,2821.9
Luxembourg,2017,2825.0
Luxembourg,2018,3074.5
Madagascar,1999,742.7
Madagascar,2000,788.1
Madagascar,2001,860.1
Madagascar,2002,1366.1
Madagascar,2004,1000.6
Madagascar,2005,1362.9
Madagascar,2007,2541.2
Madagascar,2008,3484.2
Malawi,2009,4620.2
Malawi,2010,4466.0
Malawi,2011,4685.3
Malawi,2012,5321.8
Malawi,2013,3806.5
Malawi,2014,2845.0
Malawi,2015,3379.9
Malawi,2016,2609.9
Malaysia,1993,1271.5
Malaysia,1994,1365.0
Malaysia,1995,1197.9
Malaysia,1996,1192.4
Malaysia,1997,1066.4
Malaysia,1998,764.5
Malaysia,1999,789.5
Malaysia,2000,789.5
Malaysia,2001,789.5
Malaysia,2002,789.5
Malaysia,2003,877.1
Malaysia,2004,965.0
Malaysia,2005,1012.1
Malaysia,2006,954.2
Malaysia,2007,1131.1
Malaysia,2008,1332.5
Malaysia,2009,1324.1
Malaysia,2010,1500.5
Malaysia,2011,1688.5
Malaysia,2012,1618.8
Malaysia,2013,1745.5
Malaysia,2014,1797.2
Malaysia,2015,1493.6
Malaysia,2016,1325.8
Malaysia,2017,1240.1
Malaysia,2018,1404.4
Mali,1999,1584.6
Mali,2000,1370.3
Mali,2001,1330.9
Mali,2004,1892.9
Mali,2005,1895.8
Mali,2006,1912.4
Mali,2007,2086.5
Mali,2009,2582.7
Mali,2010,2462.3
Mali,2011,3359.8
Mali,2012,3583.1
Mali,2013,3702.7
Mali,2014,2528.2
Malta,1995,1121.6
Malta,1996,1173.5
Malta,1997,1220.3
Malta,1998,1225.4
Malta,1999,1261.0
Malta,2000,1148.0
Malta,2001,1115.5
Malta,2002,1088.5
Malta,2003,997.5
Malta,2004,1091.8
Malta,2005,974.9
Malta,2006,1081.9
Malta,2007,1179.8
Malta,2008,1299.4
Malta,2009,1366.8
Malta,2010,1538.1
Malta,2011,1771.3
Malta,2012,2030.9
Malta,2013,2120.1
Malta,2014,1925.9
Malta,2015,1699.4
Malta,2016,1760.6
Malta,2017,1815.7
Malta,2018,1966.0
Mauritius,1991,2108.3
Mauritius,1992,1815.2
Mauritius,1993,1686.4
Mauritius,1994,1771.6
Mauritius,1995,1986.9
Mauritius,1996,2231.9
Mauritius,1997,1805.2
Mauritius,1998,1560.4
Mauritius,1999,1569.6
Mauritius,2000,1482.7
Mauritius,2001,1594.1
Mauritius,2002,1422.5
Mauritius,2003,1535.8
Mauritius,2004,1520.8
Mauritius,2005,1664.3
Mauritius,2006,1559.5
Mauritius,2007,1632.8
Mauritius,2008,2063.1
Mauritius,2009,1934.3
Mauritius,2010,2244.0
Mauritius,2011,2733.8
Mauritius,2012,2253.7
Mauritius,2013,2661.4
Mauritius,2014,2714.5
Mauritius,2015,2384.3
Mauritius,2016,2124.8
Mauritius,2017,2320.6
Mauritius,2018,2563.8
Mexico,1991,868.7
Mexico,1992,837.5
Mexico,1993,956.5
Mexico,1994,945.2
Mexico,1995,727.5
Mexico,1996,994.8
Mexico,1997,997.7
Mexico,1998,787.0
Mexico,1999,693.5
Mexico,2000,771.0
Mexico,2001,843.5
Mexico,2002,777.8
Mexico,2003,816.6
Mexico,2004,877.2
Mexico,2005,769.0
Mexico,2006,807.4
Mexico,2007,887.6
Mexico,2008,1115.8
Mexico,2009,963.8
Mexico,2010,1027.1
Mexico,2011,1064.2
Mexico,2012,1250.1
Mexico,2013,1564.7
Mexico,2014,1537.0
Mexico,2015,1166.4
Mexico,2016,960.6
Mexico,2017,1004.2
Mexico,2018,1034.1
Mongolia,1993,5081.7
Mongolia,1994,3427.0
Mongolia,1995,2719.5
Mongolia,1996,2698.7
Mongolia,1997,2658.3
Mongolia,1998,1807.7
Mongolia,1999,1663.6
Mongolia,2000,1504.6
Mongolia,2001,2150.0
Mongolia,2002,2071.5
Mongolia,2003,1308.3
Mongolia,2004,1299.3
Mongolia,2005,1841.9
Mongolia,2006,1898.8
Mongolia,2007,2392.3
Mongolia,2008,2470.4
Mongolia,2009,1676.2
Mongolia,2010,1764.2
Mongolia,2011,1993.9
Mongolia,2012,1895.9
Mongolia,2013,1857.8
Mongolia,2014,1939.0
Mongolia,2015,1593.8
Mongolia,2016,1349.3
Morocco,1991,1642.4
Morocco,1992,1710.0
Morocco,1993,1591.6
Morocco,1994,1369.2
Morocco,1995,1615.9
Morocco,1996,1560.4
Morocco,1997,1322.5
Morocco,1998,1187.0
Morocco,1999,1142.3
Morocco,2000,1129.3
Morocco,2001,990.9
Morocco,2002,995.2
Morocco,2003,1139.5
Morocco,2004,1025.1
Morocco,2005,1128.0
Morocco,2006,1138.1
Mozambique,1993,996.3
Mozambique,1994,924.1
Mozambique,1995,797.8
Mozambique,1996,995.9
Mozambique,1997,1419.8
Mozambique,1998,1335.6
Mozambique,1999,1155.4
Mozambique,2000,1017.9
Mozambique,2001,847.2
Mozambique,2002,853.1
Mozambique,2003,1208.9
Mozambique,2004,1568.1
Mozambique,2005,1571.1
Mozambique,2006,1715.7
Mozambique,2007,1645.1
Mozambique,2013,4376.1
Mozambique,2014,4513.9
Mozambique,2015,3632.0
Mozambique,2016,2847.7
Nepal,1997,1310.1
Nepal,1998,1189.8
Nepal,1999,1218.9
Nepal,2000,1221.5
Nepal,2001,1198.1
Nepal,2002,1162.1
Nepal,2003,1221.4
Nepal,2004,1264.0
Nepal,2005,1407.4
Nepal,2006,1368.7
Nepal,2007,1556.3
Nepal,2008,1152.1
Nepal,2009,1413.7
Nepal,2010,1856.3
Nepal,2011,2323.7
Nepal,2012,2417.9
Nepal,2013,2258.2
Nepal,2014,2122.6
Nepal,2015,2075.3
Nepal,2016,2223.4
Nepal,2017,2462.7
Nepal,2018,2504.8
Netherlands,1991,1016.2
Netherlands,1992,961.1
Netherlands,1993,861.5
Netherlands,1994,813.2
Netherlands,1995,878.1
Netherlands,1996,1032.1
Netherlands,1997,871.2
Netherlands,1998,680.5
Netherlands,1999,584.0
Netherlands,2000,722.4
Netherlands,2001,690.3
Netherlands,2002,693.9
Netherlands,2003,1100.4
Netherlands,2004,663.1
Netherlands,2005,685.2
Netherlands,2006,853.9
Netherlands,2007,1184.2
Netherlands,2008,1254.0
Netherlands,2009,1402.9
Netherlands,2010,1104.0
Netherlands,2011,986.1
Netherlands,2012,1573.8
Netherlands,2013,1163.5
Netherlands,2014,1218.3
Netherlands,2015,1167.0
Netherlands,2016,1026.2
Netherlands,2017,1387.4
Netherlands,2018,1359.2
New Caledonia,2015,3786.6
New Caledonia,2016,4476.5
New Caledonia,2017,4676.9
New Zealand,1991,1375.8
New Zealand,1992,1269.7
New Zealand,1993,1211.6
New Zealand,1994,1327.0
New Zealand,1995,1427.3
New Zealand,1996,1462.7
New Zealand,1997,1426.9
New Zealand,1998,1171.1
New Zealand,1999,1137.8
New Zealand,2000,892.3
New Zealand,2001,1126.2
New Zealand,2002,1251.0
New Zealand,2003,1586.4
Nicaragua,1993,1426.6
Nicaragua,1994,1105.9
Nicaragua,1995,1899.5
Nicaragua,1996,2324.8
Nicaragua,1997,2296.1
Nicaragua,1998,2407.1
Nicaragua,1999,2088.8
Nicaragua,2000,1992.8
Nicaragua,2001,2326.6
Nicaragua,2002,2001.8
Nicaragua,2003,1669.8
Nicaragua,2004,2140.3
Nicaragua,2005,2342.3
Nicaragua,2006,1963.6
Nicaragua,2007,2681.8
Nicaragua,2008,3066.2
Nicaragua,2009,3317.0
Nicaragua,2010,1575.9
Nicaragua,2011,1885.6
Nicaragua,2012,1943.8
Nigeria,1991,2377.0
Nigeria,1992,2720.2
Nigeria,1993,3308.3
Nigeria,2001,1322.8
Nigeria,2002,1367.7
North Macedonia,1996,2399.1
North Macedonia,1997,2285.6
North Macedonia,1998,1622.6
North Macedonia,1999,1466.9
North Macedonia,2000,1322.3
North Macedonia,2001,1325.8
North Macedonia,2002,1966.3
North Macedonia,2003,1701.9
North Macedonia,2004,1586.1
North Macedonia,2005,1552.9
North Macedonia,2006,1413.5
North Macedonia,2008,3636.3
North Macedonia,2009,1925.1
North Macedonia,2010,1782.0
North Macedonia,2011,2087.3
North Macedonia,2012,1954.7
North Macedonia,2013,1969.4
Norway,1991,1999.1
Norway,1992,2114.4
Norway,1993,1718.3
Norway,1994,1664.9
Norway,1995,1668.5
Norway,1996,1556.6
Norway,1997,1514.1
Norway,1998,1420.8
Norway,1999,1419.4
Norway,2000,1152.0
Norway,2001,1136.6
Norway,2002,1340.2
Norway,2003,1591.8
Norway,2004,1585.9
Norway,2005,1594.1
Norway,2006,1727.7
Norway,2007,2088.1
Norway,2008,2214.5
Norway,2009,2148.4
Norway,2010,2289.8
Norway,2011,2590.7
Norway,2012,2712.5
Norway,2013,2548.1
Norway,2014,2388.3
Norway,2015,1871.2
Norway,2016,1808.3
Norway,2017,1913.7
Norway,2018,1935.4
Pakistan,1991,1042.8
Pakistan,1992,982.3
Pakistan,1993,1038.8
Pakistan,1994,1065.4
Pakistan,1995,1047.3
Pakistan,1996,1093.1
Pakistan,1997,1153.3
Pakistan,1998,916.3
Pakistan,1999,763.7
Pakistan,2000,774.8
Pakistan,2001,743.2
Pakistan,2002,801.6
Pakistan,2003,816.6
Palestine,1997,1023.9
Palestine,1998,1210.5
Palestine,1999,795.0
Palestine,2000,1018.9
Palestine,2001,1023.5
Palestine,2002,744.5
Palestine,2003,833.4
Palestine,2004,989.0
Palestine,2005,1044.0
Palestine,2006,986.6
Palestine,2007,1155.1
Palestine,2008,2018.9
Palestine,2009,1638.9
Palestine,2010,1607.0
Palestine,2011,1753.2
Palestine,2012,1809.4
Panama,1991,1868.0
Panama,1992,1824.0
Panama,1993,2844.0
Panama,1994,2844.0
Panama,1995,3042.0
Panama,1996,3726.0
Panama,1997,3153.0
Panama,1998,2976.0
Panama,1999,2888.0
Panama,2000,2756.0
Panama,2001,3020.0
Panama,2002,2976.0
Panama,2003,2272.0
Panama,2004,3064.0
Panama,2005,3109.0
Panama,2006,3064.0
Panama,2007,2415.0
Panama,2008,2619.1
Panama,2009,2653.1
Panama,2010,3265.3
Panama,2011,3299.3
Panama,2012,2910.5
Panama,2013,3097.7
Panama,2014,3273.8
Panama,2015,3407.7
Panama,2016,3720.2
Panama,2017,3080.4
Paraguay,1991,1251.8
Paraguay,1992,1227.3
Paraguay,1993,1232.2
Paraguay,1994,1258.8
Paraguay,1995,2577.5
Paraguay,1996,1446.3
Paraguay,1997,1750.8
Paraguay,1998,1446.3
Paraguay,1999,1047.5
Paraguay,2000,1109.4
Paraguay,2001,797.7
Paraguay,2002,582.0
Paraguay,2003,1166.9
Peru,1991,977.3
Peru,1992,987.3
Peru,1993,1036.1
Peru,1994,956.7
Peru,1995,958.6
Peru,1996,1233.8
Peru,1997,1148.6
Peru,1998,1174.1
Peru,1999,871.9
Peru,2000,785.1
Peru,2001,778.5
Peru,2002,827.5
Peru,2003,799.2
Peru,2004,899.5
Peru,2005,970.9
Peru,2006,937.7
Peru,2007,987.8
Peru,2008,1304.2
Peru,2009,1260.3
Peru,2010,1321.5
Peru,2011,1407.3
Peru,2012,1572.9
Peru,2013,1601.7
Peru,2014,1631.4
Peru,2015,1463.6
Peru,2016,1398.1
Peru,2017,1457.8
Peru,2018,1424.4
Philippines,1991,1403.6
Philippines,1992,1668.2
Philippines,1993,1583.3
Philippines,1994,1632.7
Philippines,1995,1764.0
Philippines,1996,1802.3
Philippines,1997,1653.2
Philippines,1998,1366.0
Philippines,1999,1531.1
Philippines,2000,1133.3
Philippines,2001,1173.7
Philippines,2002,1165.9
Philippines,2003,1123.5
Philippines,2004,1217.9
Philippines,2005,1214.2
Philippines,2006,1391.4
Philippines,2007,1699.6
Philippines,2008,1933.1
Philippines,2009,1931.3
Philippines,2010,2032.0
Philippines,2011,2162.4
Philippines,2012,2307.4
Philippines,2013,2338.0
Philippines,2014,2403.9
Philippines,2015,2313.5
Philippines,2016,2303.7
Philippines,2017,2256.1
Philippines,2018,2137.4
Poland,1991,915.3
Poland,1992,817.5
Poland,1993,1164.3
Poland,1994,1224.2
Poland,1995,1072.2
Poland,1996,1382.5
Poland,1997,1092.2
Poland,1998,983.4
Poland,1999,760.8
Poland,2000,891.1
Poland,2001,817.2
Poland,2002,775.4
Poland,2003,902.3
Poland,2004,944.5
Poland,2005,1011.5
Poland,2006,1160.1
Poland,2007,1254.6
Poland,2008,1426.3
Poland,2009,1468.5
Poland,2010,1157.7
Poland,2011,1098.4
Poland,2012,1786.6
Poland,2013,1375.0
Poland,2014,1400.5
Poland,2015,1102.0
Poland,2016,932.3
Poland,2017,1288.1
Poland,2018,1099.2
Portugal,1991,1172.8
Portugal,1992,1292.9
Portugal,1993,1326.1
Portugal,1994,1062.8
Portugal,1995,1068.7
Portugal,1996,1325.8
Portugal,1997,1060.4
Portugal,1998,924.9
Portugal,1999,749.6
Portugal,2000,872.7
Portugal,2001,794.0
Portugal,2002,848.7
Portugal,2003,1194.3
Portugal,2004,986.5
Portugal,2005,931.6
Portugal,2006,1110.8
Portugal,2007,1672.3
Portugal,2008,1789.8
Portugal,2009,1818.6
Portugal,2010,1596.5
Portugal,2011,1675.7
Portugal,2012,2076.5
Portugal,2013,1479.8
Portugal,2014,1532.2
Portugal,2015,1364.9
Portugal,2016,1161.5
Portugal,2017,1486.8
Portugal,2018,1545.9
Puerto Rico,1991,1402.0
Puerto Rico,1992,1375.0
Puerto Rico,1997,1450.0
Puerto Rico,1998,1438.0
Puerto Rico,1999,1438.0
Puerto Rico,2000,1534.0
Puerto Rico,2001,1539.0
Puerto Rico,2002,1486.0
Puerto Rico,2003,1486.0
Puerto Rico,2004,1518.0
Puerto Rico,2005,1438.0
Puerto Rico,2006,1486.0
Puerto Rico,2007,1518.0
Puerto Rico,2009,2000.0
Puerto Rico,2010,2074.1
Puerto Rico,2011,2463.0
Puerto Rico,2012,2036.2
Puerto Rico,2013,1990.2
Puerto Rico,2014,2667.5
Puerto Rico,2015,2687.2
Qatar,1992,1314.3
Qatar,1993,1212.9
Qatar,1994,1030.2
Qatar,1995,957.7
Qatar,1996,1156.3
Qatar,1997,1245.6
Qatar,1998,1236.3
Qatar,1999,1236.3
Qatar,2000,1129.7
Qatar,2001,701.9
Qatar,2002,1073.1
Qatar,2003,1117.6
Qatar,2004,1072.5
Qatar,2005,1047.3
Republic of Korea,1991,1258.7
Republic of Korea,1992,1436.2
Republic of Korea,1993,1305.7
Republic of Korea,1994,1428.9
Republic of Korea,1995,1698.0
Republic of Korea,1996,1608.8
Republic of Korea,1997,1397.1
Republic of Korea,1998,1091.1
Republic of Korea,1999,1170.0
Republic of Korea,2000,1118.9
Republic of Korea,2001,1212.6
Republic of Korea,2002,1087.1
Republic of Korea,2003,1162.7
Republic of Korea,2004,1689.4
Republic of Korea,2005,1883.1
Republic of Korea,2006,2433.7
Republic of Korea,2007,1578.8
Republic of Korea,2008,1298.1
Republic of Korea,2009,1521.9
Republic of Korea,2010,1847.3
Republic of Moldova,1994,1261.1
Republic of Moldova,1995,1095.7
Republic of Moldova,1996,1034.6
Republic of Moldova,1997,1164.0
Republic of Moldova,1998,917.4
Republic of Moldova,1999,688.1
Republic of Moldova,2000,715.0
Republic of Moldova,2001,743.4
Republic of Moldova,2002,544.0
Republic of Moldova,2003,702.8
Republic of Moldova,2004,992.4
Republic of Moldova,2005,890.4
Republic of Moldova,2006,868.2
Republic of Moldova,2007,940.5
Republic of Moldova,2008,1665.6
Republic of Moldova,2009,1101.4
Republic of Moldova,2010,1053.9
Republic of Moldova,2011,1280.9
Republic of Moldova,2012,1429.2
Republic of Moldova,2013,1287.1
Republic of Moldova,2015,1021.2
Republic of Moldova,2016,980.1
Republic of Moldova,2017,1073.3
Republic of Moldova,2018,1010.7
Romania,1993,1437.5
Romania,1994,1640.6
Romania,1995,1684.2
Romania,1996,1783.3
Romania,1997,1790.5
Romania,1998,1891.0
Romania,1999,1291.4
Romania,2000,1384.8
Romania,2001,1503.3
Romania,2002,1363.1
Romania,2003,1630.4
Romania,2004,2053.5
Romania,2005,2265.2
Romania,2006,2278.4
Romania,2007,2952.9
Romania,2008,3255.4
Romania,2009,2951.5
Romania,2010,2895.0
Romania,2011,3017.8
Romania,2012,3402.3
Romania,2013,2884.7
Romania,2014,2866.4
Romania,2015,2596.3
Romania,2016,2512.8
Romania,2017,2714.4
Romania,2018,3044.4
Russian Federation,1992,927.0
Russian Federation,1993,1025.9
Russian Federation,1994,1067.9
Russian Federation,1995,1252.5
Russian Federation,1996,1306.3
Russian Federation,1997,1259.5
Russian Federation,1998,818.8
Russian Federation,1999,622.3
Russian Federation,2000,620.7
Russian Federation,2001,755.1
Russian Federation,2002,733.4
Russian Federation,2003,774.1
Russian Federation,2004,1028.9
Russian Federation,2005,1080.9
Russian Federation,2006,1084.0
Russian Federation,2007,1378.0
Russian Federation,2008,1775.4
Russian Federation,2009,1336.1
Russian Federation,2010,1376.6
Russian Federation,2011,1541.9
Russian Federation,2012,1565.7
Russian Federation,2013,1793.2
Russian Federation,2014,1585.3
Russian Federation,2015,1222.3
Russian Federation,2016,1114.2
Russian Federation,2017,1091.1
Russian Federation,2018,1110.7
Rwanda,1995,2669.9
Rwanda,2000,2786.1
Rwanda,2001,2386.4
Rwanda,2002,2344.1
Rwanda,2006,3107.2
Rwanda,2007,3604.4
Rwanda,2008,4545.5
Rwanda,2009,3370.4
Rwanda,2011,4126.8
Rwanda,2012,4226.5
Rwanda,2013,4015.1
Rwanda,2014,4082.6
Rwanda,2015,2771.1
Rwanda,2016,2634.4
Rwanda,2017,2630.6
Rwanda,2018,2557.4
Saint Kitts and Nevis,2015,7348.8
Saint Lucia,1993,3149.3
Saint Lucia,1994,3779.3
Saint Lucia,1995,2834.4
Saint Lucia,1996,3149.3
Saint Lucia,1997,3936.7
Saint Lucia,1998,4094.2
Saint Lucia,1999,4094.2
Saint Lucia,2000,4094.2
Saint Lucia,2001,3779.3
Saint Lucia,2002,3779.3
Saint Lucia,2003,3149.4
Saint Lucia,2004,3149.4
Saint Lucia,2005,3149.4
Saint Lucia,2006,3149.4
Saint Lucia,2007,3149.4
Saint Lucia,2008,3149.4
Saint Vincent and the Grenadines,2008,3772.3
Saint Vincent and the Grenadines,2009,3772.3
Saint Vincent and the Grenadines,2010,3772.3
Saint Vincent and the Grenadines,2011,3772.3
Saint Vincent and the Grenadines,2012,2908.9
Saint Vincent and the Grenadines,2013,2851.9
Saint Vincent and the Grenadines,2014,2851.9
Saint Vincent and the Grenadines,2015,2851.9
Saint Vincent and the Grenadines,2016,2851.9
Samoa,2016,2549.8
Saudi Arabia,1999,1280.0
Saudi Arabia,2000,1264.0
Saudi Arabia,2001,1168.0
Saudi Arabia,2002,1120.0
Saudi Arabia,2003,1168.0
Saudi Arabia,2009,1973.7
Saudi Arabia,2010,2029.6
Saudi Arabia,2011,2018.1
Saudi Arabia,2012,2128.4
Saudi Arabia,2013,2255.1
Saudi Arabia,2014,2197.5
Saudi Arabia,2015,2310.3
Senegal,1991,148.9
Senegal,1992,158.7
Senegal,1993,144.8
Senegal,1994,79.3
Senegal,1995,108.2
Senegal,1996,89.9
Senegal,1997,89.1
Senegal,1998,88.1
Senegal,1999,82.8
Senegal,2000,74.4
Senegal,2001,73.7
Senegal,2002,76.0
Senegal,2003,96.4
Senegal,2004,98.4
Senegal,2005,98.6
Senegal,2006,103.3
Senegal,2007,114.8
Senegal,2008,127.3
Senegal,2009,112.2
Senegal,2010,113.1
Senegal,2011,118.7
Senegal,2012,109.7
Senegal,2013,113.4
Senegal,2014,115.3
Serbia,2006,1468.4
Serbia,2007,2087.1
Serbia,2008,2666.7
Serbia,2009,2559.9
Serbia,2010,1458.9
Serbia,2011,1911.8
Serbia,2012,1901.1
Serbia,2013,1867.1
Serbia,2014,1864.1
Serbia,2015,1431.8
Serbia,2016,1382.1
Serbia,2017,1586.9
Serbia,2018,1537.3
Serbia and Montenegro,1994,2320.4
Serbia and Montenegro,1995,1872.1
Serbia and Montenegro,1996,2543.8
Serbia and Montenegro,1997,2335.0
Serbia and Montenegro,1998,1535.4
Serbia and Montenegro,1999,2195.5
Serbia and Montenegro,2000,1121.0
Serbia and Montenegro,2001,1404.9
Serbia and Montenegro,2002,1378.9
Serbia and Montenegro,2003,1277.0
Serbia and Montenegro,2004,1560.5
Serbia and Montenegro,2005,1474.5
Seychelles,2013,5293.4
Seychelles,2014,5842.0
Sierra Leone,2011,4269.3
Sierra Leone,2012,5310.6
Sierra Leone,2013,4743.8
Sierra Leone,2014,4637.6
Sierra Leone,2015,4129.5
Singapore,1996,1609.2
Singapore,1997,1359.9
Singapore,1998,1103.1
Singapore,1999,1214.0
Singapore,2000,1182.4
Singapore,2001,1008.9
Singapore,2002,1020.2
Singapore,2003,1059.6
Singapore,2004,1399.4
Singapore,2005,1317.1
Singapore,2006,1198.2
Singapore,2007,1390.9
Singapore,2008,1699.0
Singapore,2009,1613.0
Singapore,2010,1506.0
Singapore,2011,1599.1
Singapore,2012,1587.5
Singapore,2013,1789.3
Singapore,2014,1919.5
Singapore,2015,1629.9
Singapore,2016,1487.5
Singapore,2017,1458.4
Singapore,2018,1671.4
Slovakia,1993,761.6
Slovakia,1994,867.0
Slovakia,1995,885.4
Slovakia,1996,971.4
Slovakia,1997,882.0
Slovakia,1998,829.8
Slovakia,1999,680.4
Slovakia,2000,720.6
Slovakia,2001,680.5
Slovakia,2002,703.5
Slovakia,2003,877.3
Slovakia,2004,1010.1
Slovakia,2005,1017.2
Slovakia,2006,1069.6
Slovakia,2007,1303.3
Slovakia,2008,1533.8
Slovenia,1992,576.3
Slovenia,1993,456.3
Slovenia,1994,496.0
Slovenia,1995,589.1
Slovenia,1996,627.3
Slovenia,1997,538.1
Slovenia,1998,507.3
Slovenia,1999,425.8
Slovenia,2000,405.9
Slovenia,2001,344.0
Slovenia,2002,416.9
Slovenia,2003,468.9
Slovenia,2004,543.4
Slovenia,2005,557.8
Slovenia,2006,553.9
Slovenia,2007,687.5
Slovenia,2008,766.4
Slovenia,2009,734.0
Slovenia,2010,721.4
Slovenia,2011,770.0
Slovenia,2012,785.1
Slovenia,2013,850.2
Slovenia,2014,837.6
Slovenia,2015,680.9
Slovenia,2016,672.0
Slovenia,2017,679.4
Slovenia,2018,719.9
South Africa,1991,1343.2
South Africa,1992,1523.1
South Africa,1993,1345.9
South Africa,1994,1394.9
South Africa,1995,1219.7
South Africa,1996,1182.5
South Africa,1997,1124.8
South Africa,1998,874.8
South Africa,1999,828.1
South Africa,2000,805.9
South Africa,2001,721.9
South Africa,2002,712.2
South Africa,2003,1054.4
South Africa,2004,1380.1
South Africa,2005,1439.0
South Africa,2006,1467.5
South Africa,2007,1582.2
South Africa,2008,1476.7
South Africa,2009,1673.7
South Africa,2010,1855.2
South Africa,2011,1874.2
South Africa,2012,1649.5
South Africa,2013,1531.5
South Africa,2014,1481.4
South Africa,2015,1348.2
South Africa,2016,1206.8
South Africa,2017,1503.2
South Africa,2018,1666.9
Spain,1991,1587.1
Spain,1992,1596.8
Spain,1993,1453.8
Spain,1994,1279.8
Spain,1995,1278.9
Spain,1996,1867.7
Spain,1997,1626.5
Spain,1998,1465.4
Spain,1999,1237.6
Spain,2000,1311.3
Spain,2001,1262.4
Spain,2002,1263.1
Spain,2003,1786.0
Spain,2004,1853.8
Spain,2005,1494.6
Spain,2006,1381.3
Spain,2007,1856.9
Spain,2008,1972.8
Spain,2009,2053.5
Spain,2010,1616.2
Spain,2011,1787.3
Spain,2012,2436.0
Spain,2013,1757.5
Spain,2014,1755.2
Spain,2015,1493.2
Spain,2016,1281.5
Spain,2017,1639.4
Spain,2018,1740.4
Sri Lanka,1991,697.8
Sri Lanka,1992,685.0
Sri Lanka,1993,857.3
Sri Lanka,1994,907.0
Sri Lanka,1995,951.2
Sri Lanka,1996,988.6
Sri Lanka,1997,1222.9
Sri Lanka,1998,1052.9
Sri Lanka,1999,940.4
Sri Lanka,2000,925.0
Sri Lanka,2001,783.1
Sri Lanka,2002,780.3
Sri Lanka,2003,845.5
Sri Lanka,2004,817.0
Sri Lanka,2005,1064.3
Sri Lanka,2006,1048.2
Sri Lanka,2007,1204.2
Sri Lanka,2008,1492.3
Sri Lanka,2009,1550.4
Sri Lanka,2010,2057.5
Sri Lanka,2011,1843.4
Sri Lanka,2012,1205.1
Sri Lanka,2013,1542.2
Sri Lanka,2014,1467.1
Sri Lanka,2015,1521.7
Sri Lanka,2016,1568.8
Sri Lanka,2017,1309.6
Sri Lanka,2018,1343.7
Sudan (former),1996,2333.0
Sudan (former),2002,1329.3
Sudan (former),2006,1279.2
Sudan (former),2007,1653.4
Sudan (former),2008,2126.4
Sudan (former),2009,2413.9
Sudan (former),2010,2891.0
Suriname,1999,1019.1
Suriname,2000,794.0
Suriname,2001,743.7
Suriname,2002,652.0
Suriname,2003,672.7
Suriname,2004,731.6
Suriname,2005,1208.1
Suriname,2006,1457.9
Suriname,2007,1530.1
Suriname,2008,1347.9
Suriname,2009,2623.0
Suriname,2010,2972.2
Suriname,2011,3378.2
Suriname,2012,3927.3
Suriname,2013,3345.5
Suriname,2014,4040.3
Suriname,2015,3158.0
Suriname,2016,2003.7
Suriname,2017,1709.5
Suriname,2018,2010.0
Sweden,1991,1473.3
Sweden,1992,1389.1
Sweden,1993,1012.4
Sweden,1994,1189.7
Sweden,1995,1087.9
Sweden,1996,1105.0
Sweden,1997,1024.2
Sweden,1998,1040.3
Sweden,1999,910.1
Sweden,2000,878.6
Sweden,2001,854.8
Sweden,2002,927.1
Sweden,2003,1146.3
Sweden,2004,1198.6
Sweden,2005,1156.2
Sweden,2006,1283.2
Sweden,2007,1544.0
Sweden,2008,1957.7
Sweden,2009,1664.8
Sweden,2010,1745.5
Sweden,2011,2061.6
Sweden,2012,2107.7
Sweden,2013,2124.7
Sweden,2014,1893.4
Sweden,2015,1578.0
Sweden,2016,1526.5
Sweden,2017,1536.0
Sweden,2018,1570.7
Switzerland,1991,4062.1
Switzerland,1992,4268.9
Switzerland,1993,3896.8
Switzerland,1994,4064.5
Switzerland,1995,4480.5
Switzerland,1996,4220.8
Switzerland,1997,3380.4
Switzerland,1998,3203.2
Switzerland,1999,2724.8
Switzerland,2000,2409.3
Switzerland,2001,2578.2
Switzerland,2002,3131.6
Switzerland,2003,3636.4
Switzerland,2004,3983.1
Switzerland,2005,3989.0
Switzerland,2006,3875.3
Switzerland,2007,3959.6
Switzerland,2008,4522.2
Switzerland,2009,4597.7
Switzerland,2010,4676.4
Switzerland,2011,5518.9
Switzerland,2012,5251.2
Switzerland,2013,5550.7
Switzerland,2014,5644.3
Switzerland,2015,5347.2
Switzerland,2016,5132.0
Switzerland,2017,5134.4
Switzerland,2018,5127.4
Tajikistan,2000,1138.6
Tajikistan,2001,1226.3
Tajikistan,2002,1315.4
Tajikistan,2003,1425.5
Tajikistan,2004,1530.0
Tajikistan,2005,1647.1
Tajikistan,2006,1576.5
Tajikistan,2007,1513.4
Tajikistan,2008,1574.0
Tajikistan,2009,1448.3
Tajikistan,2010,1370.2
Tajikistan,2011,1626.8
Tajikistan,2012,1583.0
Thailand,1991,667.8
Thailand,1992,628.3
Thailand,1993,643.4
Thailand,1994,674.6
Thailand,1995,740.9
Thailand,1996,1155.1
Thailand,1997,898.5
Thailand,1998,800.1
Thailand,1999,860.7
Thailand,2000,643.7
Thailand,2001,671.1
Thailand,2002,677.2
Thailand,2003,635.5
Thailand,2004,980.9
Thailand,2005,1116.6
Thailand,2006,959.9
Thailand,2007,1085.1
Thailand,2008,1271.7
Thailand,2009,1256.8
Thailand,2010,1338.1
Thailand,2011,1579.4
Thailand,2012,1317.8
Thailand,2013,1593.4
Thailand,2014,1522.2
Thailand,2015,1256.7
Thailand,2016,1337.2
Thailand,2017,1249.3
Thailand,2018,1410.1
Togo,2001,2728.4
Togo,2002,2869.5
Trinidad and Tobago,1993,1365.1
Trinidad and Tobago,1994,1408.3
Trinidad and Tobago,1995,1309.4
Trinidad and Tobago,1996,1442.3
Trinidad and Tobago,1997,1373.4
Trinidad and Tobago,1998,1382.1
Trinidad and Tobago,1999,1414.7
Trinidad and Tobago,2000,1358.6
Trinidad and Tobago,2001,1401.0
Trinidad and Tobago,2002,1373.6
Trinidad and Tobago,2003,1364.2
Tunisia,1992,1566.0
Tunisia,1993,1532.3
Tunisia,1994,1616.3
Tunisia,1995,1626.2
Tunisia,1996,1620.1
Tunisia,1997,1565.2
Tunisia,1998,1553.5
Tunisia,1999,1540.2
Tunisia,2000,968.1
Tunisia,2001,948.8
Tunisia,2002,920.0
Tunisia,2009,1559.5
Tunisia,2010,1300.5
Tunisia,2011,1557.3
Tunisia,2012,1736.1
Tunisia,2013,1672.3
Tunisia,2014,1667.1
Tunisia,2015,1490.9
Tunisia,2016,1411.7
Turkey,1991,1516.5
Turkey,1992,2182.6
Turkey,1993,1794.7
Turkey,1994,1132.5
Turkey,1995,1704.1
Turkey,1996,1764.7
Turkey,1997,1595.7
Turkey,1998,1392.4
Turkey,1999,943.8
Turkey,2000,1138.3
Turkey,2001,864.3
Turkey,2002,1251.1
Turkey,2003,1461.5
Turkey,2004,1664.9
Turkey,2005,1808.6
Turkey,2006,1834.2
Turkey,2007,2172.0
Turkey,2008,2335.7
Turkey,2009,2124.1
Turkey,2010,2140.6
Turkey,2011,2543.4
Turkey,2012,2519.8
Turkey,2013,1968.1
Turkey,2014,1846.1
Turkey,2015,1758.7
Turkey,2016,1639.6
Turkey,2017,1477.2
Turkey,2018,1267.8
Turkmenistan,1997,1030.8
Turkmenistan,1998,972.6
Turkmenistan,1999,1172.1
Turkmenistan,2000,1303.3
Turkmenistan,2001,1567.1
Turkmenistan,2002,1993.8
Ukraine,1994,2014.4
Ukraine,1995,1596.8
Ukraine,1996,1083.9
Ukraine,1997,1140.4
Ukraine,1998,883.0
Ukraine,1999,594.9
Ukraine,2000,610.3
Ukraine,2001,676.8
Ukraine,2002,546.5
Ukraine,2003,627.5
Ukraine,2004,775.7
Ukraine,2005,850.8
Ukraine,2006,660.8
Ukraine,2007,941.0
Ukraine,2008,1240.7
Ukraine,2009,897.8
Ukraine,2010,1026.8
Ukraine,2011,1133.3
Ukraine,2012,1358.6
Ukraine,2013,1422.6
Ukraine,2014,1139.8
Ukraine,2015,1038.1
Ukraine,2016,752.7
Ukraine,2017,746.0
Ukraine,2018,1018.8
United Kingdom of Great Britain and Northern Ireland,1992,996.9
United Kingdom of Great Britain and Northern Ireland,1993,986.9
United Kingdom of Great Britain and Northern Ireland,1994,1046.8
United Kingdom of Great Britain and Northern Ireland,1995,1047.9
United Kingdom of Great Britain and Northern Ireland,1996,1035.9
United Kingdom of Great Britain and Northern Ireland,1997,995.4
United Kingdom of Great Britain and Northern Ireland,1998,841.3
United Kingdom of Great Britain and Northern Ireland,1999,978.9
United Kingdom of Great Britain and Northern Ireland,2000,979.2
United Kingdom of Great Britain and Northern Ireland,2001,952.0
United Kingdom of Great Britain and Northern Ireland,2002,1021.8
United Kingdom of Great Britain and Northern Ireland,2003,879.5
United Kingdom of Great Britain and Northern Ireland,2004,995.1
United Kingdom of Great Britain and Northern Ireland,2005,859.3
United Kingdom of Great Britain and Northern Ireland,2006,937.8
United States of America,1991,951.0
United States of America,1992,811.0
United States of America,1993,892.0
United States of America,1994,865.0
United States of America,1995,880.0
United States of America,1996,906.8
United States of America,1997,829.1
United States of America,1998,741.5
United States of America,1999,638.4
United States of America,2000,629.9
United States of America,2001,641.2
United States of America,2002,579.8
United States of America,2003,810.6
United States of America,2004,786.6
United States of America,2005,489.7
United States of America,2006,567.1
United States of America,2007,1203.0
United States of America,2008,1541.0
United States of America,2009,1157.0
United States of America,2010,985.0
United States of America,2011,1362.0
United States of America,2012,1404.0
United States of America,2013,1533.0
United States of America,2014,1759.0
United States of America,2015,2322.0
United States of America,2016,1077.0
United States of America,2017,1214.0
United States of America,2018,1619.0
Uruguay,1991,1252.4
Uruguay,1992,1219.1
Uruguay,1993,1550.3
Uruguay,1994,1570.6
Uruguay,1995,1338.8
Uruguay,1999,783.5
Uruguay,2000,1047.9
Uruguay,2001,891.4
Uruguay,2002,570.8
Uruguay,2003,769.7
Uruguay,2004,807.7
Uruguay,2005,803.8
Uruguay,2006,998.7
Uruguay,2007,1156.7
Uruguay,2008,1428.8
Uruguay,2009,1451.7
Uruguay,2010,1688.4
Uruguay,2011,1359.3
Uruguay,2012,2051.3
Uruguay,2013,2289.4
Uruguay,2014,1809.6
Uruguay,2015,1665.3
Uruguay,2016,1348.8
Uruguay,2017,1267.7
Uruguay,2018,597.6
Venezuela (Bolivarian Republic of),1991,1203.4
Venezuela (Bolivarian Republic of),1992,1108.8
Venezuela (Bolivarian Republic of),1993,977.8
Venezuela (Bolivarian Republic of),1994,940.4
Venezuela (Bolivarian Republic of),1995,1322.0
Venezuela (Bolivarian Republic of),1996,992.3
Venezuela (Bolivarian Republic of),1997,1183.0
Venezuela (Bolivarian Republic of),1998,1377.4
Venezuela (Bolivarian Republic of),1999,1263.2
Venezuela (Bolivarian Republic of),2000,1302.3
Venezuela (Bolivarian Republic of),2001,1185.6
Venezuela (Bolivarian Republic of),2002,1062.1
Venezuela (Bolivarian Republic of),2003,1410.2
Venezuela (Bolivarian Republic of),2004,1747.3
Venezuela (Bolivarian Republic of),2005,1543.3
Venezuela (Bolivarian Republic of),2006,1661.9
Venezuela (Bolivarian Republic of),2007,2176.4
Venezuela (Bolivarian Republic of),2008,2799.7
Venezuela (Bolivarian Republic of),2009,4131.3
Venezuela (Bolivarian Republic of),2010,4570.0
Venezuela (Bolivarian Republic of),2011,3403.8
Venezuela (Bolivarian Republic of),2012,4017.0
Venezuela (Bolivarian Republic of),2013,6984.2
Venezuela (Bolivarian Republic of),2014,10142.5
Viet Nam,2001,1075.5
Viet Nam,2002,1228.9
Viet Nam,2003,1065.8
Viet Nam,2004,1467.2
Viet Nam,2005,1523.9
Viet Nam,2006,1308.3
Viet Nam,2007,1833.8
Viet Nam,2008,2221.7
Viet Nam,2009,2333.1
Viet Nam,2010,2295.4
Viet Nam,2011,2623.5
Viet Nam,2012,2543.3
Viet Nam,2013,2762.9
Viet Nam,2014,2700.3
Viet Nam,2015,2703.1
Viet Nam,2016,1473.0
Viet Nam,2017,2908.2
Viet Nam,2018,1431.5
Yemen,1991,852.1
Yemen,1992,731.0
Yemen,1993,627.6
Yemen,1994,1564.9
Yemen,1995,1317.1
Yemen,1996,925.8
Yemen,1997,834.2
Yemen,1998,793.7
Yemen,1999,692.6
Yemen,2000,666.9
Yemen,2001,639.5
Yemen,2002,614.1
Yemen,2003,634.9
Yemen,2004,1164.7
Yemen,2005,1136.5
Yemen,2006,1227.2
Yemen,2007,1320.6
Yemen,2008,1493.0
Yemen,2009,1910.8
Yemen,2010,1936.9
Yemen,2011,2287.3
Yemen,2012,2405.5
Yemen,2013,2399.5
Yemen,2015,2640.4
Yemen,2016,2693.2
Yemen,2017,2830.1
Zambia,2014,3720.5
Zambia,2015,2019.7
